loading annotations into memory...
Done (t=10.95s)
creating index...
index created!
CHECKPOINT applied=93899 cursor={'epoch': 3, 'image_position': 663, 'chunk_start': 4} reason=initial_or_resumed_state
TRAIN epoch=3/8 image=708/20000 applied=94000 loss=5.312039 elapsed_s=56.2
TRAIN epoch=3/8 image=813/20000 applied=94250 loss=2.039514 elapsed_s=103.8
TRAIN epoch=3/8 image=926/20000 applied=94500 loss=1.545025 elapsed_s=152.3
TRAIN epoch=3/8 image=1029/20000 applied=94750 loss=6.310473 elapsed_s=199.7
TRAIN epoch=3/8 image=1141/20000 applied=95000 loss=0.859917 elapsed_s=247.9
TRAIN epoch=3/8 image=1253/20000 applied=95250 loss=1.156191 elapsed_s=296.3
CHECKPOINT applied=95463 cursor={'epoch': 3, 'image_position': 1340, 'chunk_start': 0} reason=first_applied_or_timed
TRAIN epoch=3/8 image=1355/20000 applied=95500 loss=2.617377 elapsed_s=344.5
TRAIN epoch=3/8 image=1463/20000 applied=95750 loss=1.763707 elapsed_s=392.3
TRAIN epoch=3/8 image=1568/20000 applied=96000 loss=2.362203 elapsed_s=440.4
TRAIN epoch=3/8 image=1676/20000 applied=96250 loss=1.530160 elapsed_s=488.5
TRAIN epoch=3/8 image=1786/20000 applied=96500 loss=3.212730 elapsed_s=536.8
TRAIN epoch=3/8 image=1895/20000 applied=96750 loss=2.932751 elapsed_s=584.9
TRAIN epoch=3/8 image=2003/20000 applied=97000 loss=1.095383 elapsed_s=631.9
CHECKPOINT applied=97030 cursor={'epoch': 3, 'image_position': 2015, 'chunk_start': 4} reason=first_applied_or_timed
TRAIN epoch=3/8 image=2115/20000 applied=97250 loss=1.026186 elapsed_s=680.4
TRAIN epoch=3/8 image=2221/20000 applied=97500 loss=2.837818 elapsed_s=727.9
TRAIN epoch=3/8 image=2327/20000 applied=97750 loss=6.762770 elapsed_s=774.7
TRAIN epoch=3/8 image=2437/20000 applied=98000 loss=1.307264 elapsed_s=822.0
TRAIN epoch=3/8 image=2545/20000 applied=98250 loss=2.137578 elapsed_s=869.8
TRAIN epoch=3/8 image=2652/20000 applied=98500 loss=4.033883 elapsed_s=916.9
CHECKPOINT applied=98606 cursor={'epoch': 3, 'image_position': 2704, 'chunk_start': 8} reason=first_applied_or_timed
TRAIN epoch=3/8 image=2769/20000 applied=98750 loss=2.291468 elapsed_s=965.9
TRAIN epoch=3/8 image=2877/20000 applied=99000 loss=6.913801 elapsed_s=1013.9
TRAIN epoch=3/8 image=2984/20000 applied=99250 loss=1.225767 elapsed_s=1061.6
TRAIN epoch=3/8 image=3091/20000 applied=99500 loss=1.424076 elapsed_s=1109.6
TRAIN epoch=3/8 image=3201/20000 applied=99750 loss=3.367209 elapsed_s=1157.8
TRAIN epoch=3/8 image=3308/20000 applied=100000 loss=3.235520 elapsed_s=1205.1
CHECKPOINT applied=100174 cursor={'epoch': 3, 'image_position': 3387, 'chunk_start': 4} reason=first_applied_or_timed
TRAIN epoch=3/8 image=3418/20000 applied=100250 loss=1.455756 elapsed_s=1253.2
TRAIN epoch=3/8 image=3529/20000 applied=100500 loss=3.758823 elapsed_s=1301.2
TRAIN epoch=3/8 image=3641/20000 applied=100750 loss=0.616017 elapsed_s=1349.6
TRAIN epoch=3/8 image=3750/20000 applied=101000 loss=1.243889 elapsed_s=1397.0
TRAIN epoch=3/8 image=3856/20000 applied=101250 loss=1.979744 elapsed_s=1444.7
TRAIN epoch=3/8 image=3962/20000 applied=101500 loss=3.036289 elapsed_s=1491.7
CHECKPOINT applied=101745 cursor={'epoch': 3, 'image_position': 4074, 'chunk_start': 0} reason=first_applied_or_timed
TRAIN epoch=3/8 image=4077/20000 applied=101750 loss=8.059926 elapsed_s=1540.4
TRAIN epoch=3/8 image=4185/20000 applied=102000 loss=3.438525 elapsed_s=1587.6
TRAIN epoch=3/8 image=4297/20000 applied=102250 loss=1.875497 elapsed_s=1635.0
TRAIN epoch=3/8 image=4411/20000 applied=102500 loss=3.868716 elapsed_s=1683.1
TRAIN epoch=3/8 image=4519/20000 applied=102750 loss=2.919024 elapsed_s=1730.4
TRAIN epoch=3/8 image=4632/20000 applied=103000 loss=1.704159 elapsed_s=1778.3
TRAIN epoch=3/8 image=4736/20000 applied=103250 loss=1.601606 elapsed_s=1825.9
CHECKPOINT applied=103320 cursor={'epoch': 3, 'image_position': 4768, 'chunk_start': 0} reason=first_applied_or_timed
TRAIN epoch=3/8 image=4843/20000 applied=103500 loss=2.107509 elapsed_s=1873.4
TRAIN epoch=3/8 image=4952/20000 applied=103750 loss=6.702203 elapsed_s=1921.2
TRAIN epoch=3/8 image=5066/20000 applied=104000 loss=2.921541 elapsed_s=1969.4
TRAIN epoch=3/8 image=5174/20000 applied=104250 loss=7.852461 elapsed_s=2017.1
TRAIN epoch=3/8 image=5288/20000 applied=104500 loss=3.126281 elapsed_s=2065.1
TRAIN epoch=3/8 image=5398/20000 applied=104750 loss=2.147300 elapsed_s=2112.8
CHECKPOINT applied=104894 cursor={'epoch': 3, 'image_position': 5458, 'chunk_start': 0} reason=first_applied_or_timed
TRAIN epoch=3/8 image=5505/20000 applied=105000 loss=3.543974 elapsed_s=2160.1
TRAIN epoch=3/8 image=5613/20000 applied=105250 loss=1.704495 elapsed_s=2207.6
TRAIN epoch=3/8 image=5726/20000 applied=105500 loss=3.112546 elapsed_s=2255.8
TRAIN epoch=3/8 image=5831/20000 applied=105750 loss=1.759540 elapsed_s=2303.0
TRAIN epoch=3/8 image=5933/20000 applied=106000 loss=1.918078 elapsed_s=2349.8
TRAIN epoch=3/8 image=6044/20000 applied=106250 loss=3.632071 elapsed_s=2397.5
CHECKPOINT applied=106477 cursor={'epoch': 3, 'image_position': 6139, 'chunk_start': 4} reason=first_applied_or_timed
TRAIN epoch=3/8 image=6150/20000 applied=106500 loss=1.783139 elapsed_s=2445.2
TRAIN epoch=3/8 image=6261/20000 applied=106750 loss=2.049039 elapsed_s=2493.2
TRAIN epoch=3/8 image=6366/20000 applied=107000 loss=2.261289 elapsed_s=2540.5
TRAIN epoch=3/8 image=6475/20000 applied=107250 loss=6.369767 elapsed_s=2588.6
TRAIN epoch=3/8 image=6582/20000 applied=107500 loss=1.402008 elapsed_s=2636.3
TRAIN epoch=3/8 image=6690/20000 applied=107750 loss=3.703061 elapsed_s=2684.0
TRAIN epoch=3/8 image=6801/20000 applied=108000 loss=1.666494 elapsed_s=2732.2
CHECKPOINT applied=108046 cursor={'epoch': 3, 'image_position': 6822, 'chunk_start': 0} reason=first_applied_or_timed
TRAIN epoch=3/8 image=6905/20000 applied=108250 loss=2.507404 elapsed_s=2779.5
TRAIN epoch=3/8 image=7016/20000 applied=108500 loss=2.562134 elapsed_s=2827.2
TRAIN epoch=3/8 image=7121/20000 applied=108750 loss=5.908311 elapsed_s=2874.4
TRAIN epoch=3/8 image=7230/20000 applied=109000 loss=2.937510 elapsed_s=2921.5
TRAIN epoch=3/8 image=7338/20000 applied=109250 loss=2.739992 elapsed_s=2968.5
TRAIN epoch=3/8 image=7445/20000 applied=109500 loss=1.402814 elapsed_s=3015.9
CHECKPOINT applied=109633 cursor={'epoch': 3, 'image_position': 7503, 'chunk_start': 4} reason=first_applied_or_timed
TRAIN epoch=3/8 image=7557/20000 applied=109750 loss=1.826598 elapsed_s=3064.1
TRAIN epoch=3/8 image=7668/20000 applied=110000 loss=3.184402 elapsed_s=3112.2
TRAIN epoch=3/8 image=7775/20000 applied=110250 loss=2.319870 elapsed_s=3159.6
TRAIN epoch=3/8 image=7889/20000 applied=110500 loss=2.402657 elapsed_s=3207.7
TRAIN epoch=3/8 image=7993/20000 applied=110750 loss=1.630205 elapsed_s=3256.1
TRAIN epoch=3/8 image=8093/20000 applied=111000 loss=7.412746 elapsed_s=3303.9
CHECKPOINT applied=111196 cursor={'epoch': 3, 'image_position': 8176, 'chunk_start': 4} reason=first_applied_or_timed
TRAIN epoch=3/8 image=8199/20000 applied=111250 loss=5.415051 elapsed_s=3352.4
TRAIN epoch=3/8 image=8316/20000 applied=111500 loss=7.235909 elapsed_s=3400.8
TRAIN epoch=3/8 image=8416/20000 applied=111750 loss=1.461504 elapsed_s=3447.8
TRAIN epoch=3/8 image=8523/20000 applied=112000 loss=3.030173 elapsed_s=3495.2
TRAIN epoch=3/8 image=8628/20000 applied=112250 loss=2.900544 elapsed_s=3542.6
TRAIN epoch=3/8 image=8735/20000 applied=112500 loss=0.974869 elapsed_s=3590.2
TRAIN epoch=3/8 image=8848/20000 applied=112750 loss=2.655489 elapsed_s=3638.3
CHECKPOINT applied=112772 cursor={'epoch': 3, 'image_position': 8857, 'chunk_start': 0} reason=first_applied_or_timed
TRAIN epoch=3/8 image=8961/20000 applied=113000 loss=3.024884 elapsed_s=3686.9
TRAIN epoch=3/8 image=9066/20000 applied=113250 loss=1.136108 elapsed_s=3733.9
TRAIN epoch=3/8 image=9175/20000 applied=113500 loss=4.653130 elapsed_s=3781.8
TRAIN epoch=3/8 image=9288/20000 applied=113750 loss=2.033910 elapsed_s=3830.0
TRAIN epoch=3/8 image=9392/20000 applied=114000 loss=3.925395 elapsed_s=3877.5
TRAIN epoch=3/8 image=9495/20000 applied=114250 loss=6.683528 elapsed_s=3925.5
CHECKPOINT applied=114341 cursor={'epoch': 3, 'image_position': 9532, 'chunk_start': 4} reason=first_applied_or_timed
TRAIN epoch=3/8 image=9601/20000 applied=114500 loss=2.630353 elapsed_s=3973.8
TRAIN epoch=3/8 image=9708/20000 applied=114750 loss=2.864711 elapsed_s=4021.9
TRAIN epoch=3/8 image=9816/20000 applied=115000 loss=3.679483 elapsed_s=4069.5
TRAIN epoch=3/8 image=9923/20000 applied=115250 loss=3.256138 elapsed_s=4117.4
TRAIN epoch=3/8 image=10026/20000 applied=115500 loss=5.458540 elapsed_s=4165.4
TRAIN epoch=3/8 image=10134/20000 applied=115750 loss=3.242653 elapsed_s=4212.9
CHECKPOINT applied=115908 cursor={'epoch': 3, 'image_position': 10204, 'chunk_start': 4} reason=first_applied_or_timed
TRAIN epoch=3/8 image=10247/20000 applied=116000 loss=1.612203 elapsed_s=4261.5
TRAIN epoch=3/8 image=10359/20000 applied=116250 loss=3.783834 elapsed_s=4309.3
TRAIN epoch=3/8 image=10467/20000 applied=116500 loss=1.783880 elapsed_s=4356.4
TRAIN epoch=3/8 image=10569/20000 applied=116750 loss=4.121442 elapsed_s=4403.4
TRAIN epoch=3/8 image=10679/20000 applied=117000 loss=9.260803 elapsed_s=4451.0
TRAIN epoch=3/8 image=10781/20000 applied=117250 loss=1.855674 elapsed_s=4497.6
CHECKPOINT applied=117496 cursor={'epoch': 3, 'image_position': 10884, 'chunk_start': 4} reason=first_applied_or_timed
TRAIN epoch=3/8 image=10886/20000 applied=117500 loss=1.214508 elapsed_s=4545.2
TRAIN epoch=3/8 image=10992/20000 applied=117750 loss=2.635393 elapsed_s=4592.5
TRAIN epoch=3/8 image=11103/20000 applied=118000 loss=3.481942 elapsed_s=4640.7
TRAIN epoch=3/8 image=11209/20000 applied=118250 loss=1.796167 elapsed_s=4687.4
TRAIN epoch=3/8 image=11319/20000 applied=118500 loss=2.518419 elapsed_s=4735.6
TRAIN epoch=3/8 image=11423/20000 applied=118750 loss=6.468235 elapsed_s=4783.0
TRAIN epoch=3/8 image=11530/20000 applied=119000 loss=1.605462 elapsed_s=4830.6
CHECKPOINT applied=119073 cursor={'epoch': 3, 'image_position': 11559, 'chunk_start': 4} reason=first_applied_or_timed
TRAIN epoch=3/8 image=11638/20000 applied=119250 loss=4.674265 elapsed_s=4878.8
TRAIN epoch=3/8 image=11747/20000 applied=119500 loss=3.945727 elapsed_s=4927.0
TRAIN epoch=3/8 image=11850/20000 applied=119750 loss=3.468605 elapsed_s=4973.9
TRAIN epoch=3/8 image=11963/20000 applied=120000 loss=7.081565 elapsed_s=5021.9
TRAIN epoch=3/8 image=12071/20000 applied=120250 loss=6.667393 elapsed_s=5068.8
TRAIN epoch=3/8 image=12178/20000 applied=120500 loss=1.791098 elapsed_s=5116.6
CHECKPOINT applied=120650 cursor={'epoch': 3, 'image_position': 12242, 'chunk_start': 4} reason=first_applied_or_timed
TRAIN epoch=3/8 image=12287/20000 applied=120750 loss=9.260932 elapsed_s=5164.5
TRAIN epoch=3/8 image=12391/20000 applied=121000 loss=1.446768 elapsed_s=5212.0
TRAIN epoch=3/8 image=12501/20000 applied=121250 loss=1.370400 elapsed_s=5259.9
TRAIN epoch=3/8 image=12610/20000 applied=121500 loss=3.697946 elapsed_s=5307.4
TRAIN epoch=3/8 image=12713/20000 applied=121750 loss=5.441990 elapsed_s=5354.9
TRAIN epoch=3/8 image=12822/20000 applied=122000 loss=5.219934 elapsed_s=5403.0
CHECKPOINT applied=122221 cursor={'epoch': 3, 'image_position': 12921, 'chunk_start': 0} reason=first_applied_or_timed
TRAIN epoch=3/8 image=12932/20000 applied=122250 loss=1.566585 elapsed_s=5451.5
TRAIN epoch=3/8 image=13035/20000 applied=122500 loss=2.064169 elapsed_s=5498.7
TRAIN epoch=3/8 image=13145/20000 applied=122750 loss=1.718633 elapsed_s=5547.2
TRAIN epoch=3/8 image=13256/20000 applied=123000 loss=2.214639 elapsed_s=5595.4
TRAIN epoch=3/8 image=13360/20000 applied=123250 loss=1.348486 elapsed_s=5642.9
TRAIN epoch=3/8 image=13474/20000 applied=123500 loss=2.923099 elapsed_s=5690.0
TRAIN epoch=3/8 image=13581/20000 applied=123750 loss=1.912248 elapsed_s=5737.3
CHECKPOINT applied=123798 cursor={'epoch': 3, 'image_position': 13599, 'chunk_start': 4} reason=first_applied_or_timed
TRAIN epoch=3/8 image=13687/20000 applied=124000 loss=2.233611 elapsed_s=5784.5
TRAIN epoch=3/8 image=13802/20000 applied=124250 loss=1.370836 elapsed_s=5832.1
TRAIN epoch=3/8 image=13906/20000 applied=124500 loss=1.655824 elapsed_s=5879.0
TRAIN epoch=3/8 image=14008/20000 applied=124750 loss=1.429700 elapsed_s=5925.7
TRAIN epoch=3/8 image=14111/20000 applied=125000 loss=1.331430 elapsed_s=5972.2
TRAIN epoch=3/8 image=14222/20000 applied=125250 loss=1.618594 elapsed_s=6020.0
CHECKPOINT applied=125389 cursor={'epoch': 3, 'image_position': 14281, 'chunk_start': 4} reason=first_applied_or_timed
TRAIN epoch=3/8 image=14327/20000 applied=125500 loss=1.627898 elapsed_s=6068.2
TRAIN epoch=3/8 image=14440/20000 applied=125750 loss=4.175447 elapsed_s=6116.5
TRAIN epoch=3/8 image=14547/20000 applied=126000 loss=4.005363 elapsed_s=6164.0
TRAIN epoch=3/8 image=14655/20000 applied=126250 loss=2.300891 elapsed_s=6212.1
TRAIN epoch=3/8 image=14765/20000 applied=126500 loss=2.001757 elapsed_s=6260.6
TRAIN epoch=3/8 image=14872/20000 applied=126750 loss=1.716408 elapsed_s=6308.7
CHECKPOINT applied=126952 cursor={'epoch': 3, 'image_position': 14958, 'chunk_start': 0} reason=first_applied_or_timed
TRAIN epoch=3/8 image=14979/20000 applied=127000 loss=2.276817 elapsed_s=6356.7
TRAIN epoch=3/8 image=15079/20000 applied=127250 loss=5.664433 elapsed_s=6403.6
TRAIN epoch=3/8 image=15192/20000 applied=127500 loss=4.008442 elapsed_s=6451.5
TRAIN epoch=3/8 image=15300/20000 applied=127750 loss=0.969457 elapsed_s=6499.3
TRAIN epoch=3/8 image=15406/20000 applied=128000 loss=4.461315 elapsed_s=6546.5
TRAIN epoch=3/8 image=15518/20000 applied=128250 loss=1.876334 elapsed_s=6594.1
TRAIN epoch=3/8 image=15626/20000 applied=128500 loss=1.503412 elapsed_s=6641.7
CHECKPOINT applied=128532 cursor={'epoch': 3, 'image_position': 15639, 'chunk_start': 4} reason=first_applied_or_timed
TRAIN epoch=3/8 image=15730/20000 applied=128750 loss=1.214258 elapsed_s=6689.2
TRAIN epoch=3/8 image=15836/20000 applied=129000 loss=1.796695 elapsed_s=6736.5
TRAIN epoch=3/8 image=15946/20000 applied=129250 loss=2.394882 elapsed_s=6784.3
TRAIN epoch=3/8 image=16059/20000 applied=129500 loss=2.989723 elapsed_s=6832.6
TRAIN epoch=3/8 image=16175/20000 applied=129750 loss=7.626696 elapsed_s=6881.1
TRAIN epoch=3/8 image=16288/20000 applied=130000 loss=2.268538 elapsed_s=6930.0
CHECKPOINT applied=130095 cursor={'epoch': 3, 'image_position': 16328, 'chunk_start': 0} reason=first_applied_or_timed
TRAIN epoch=3/8 image=16399/20000 applied=130250 loss=3.806567 elapsed_s=6978.5
TRAIN epoch=3/8 image=16510/20000 applied=130500 loss=5.146319 elapsed_s=7026.5
TRAIN epoch=3/8 image=16624/20000 applied=130750 loss=3.599380 elapsed_s=7074.8
TRAIN epoch=3/8 image=16730/20000 applied=131000 loss=0.507650 elapsed_s=7122.0
TRAIN epoch=3/8 image=16837/20000 applied=131250 loss=6.030104 elapsed_s=7169.2
TRAIN epoch=3/8 image=16951/20000 applied=131500 loss=2.048838 elapsed_s=7217.2
CHECKPOINT applied=131667 cursor={'epoch': 3, 'image_position': 17023, 'chunk_start': 0} reason=first_applied_or_timed
TRAIN epoch=3/8 image=17056/20000 applied=131750 loss=3.104989 elapsed_s=7264.7
TRAIN epoch=3/8 image=17162/20000 applied=132000 loss=2.293632 elapsed_s=7312.2
TRAIN epoch=3/8 image=17269/20000 applied=132250 loss=5.972631 elapsed_s=7359.9
TRAIN epoch=3/8 image=17384/20000 applied=132500 loss=1.580364 elapsed_s=7407.9
TRAIN epoch=3/8 image=17491/20000 applied=132750 loss=1.154286 elapsed_s=7455.6
TRAIN epoch=3/8 image=17600/20000 applied=133000 loss=5.292596 elapsed_s=7503.4
CHECKPOINT applied=133241 cursor={'epoch': 3, 'image_position': 17704, 'chunk_start': 8} reason=first_applied_or_timed
TRAIN epoch=3/8 image=17709/20000 applied=133250 loss=8.824015 elapsed_s=7551.4
TRAIN epoch=3/8 image=17820/20000 applied=133500 loss=3.553298 elapsed_s=7598.9
TRAIN epoch=3/8 image=17927/20000 applied=133750 loss=8.123543 elapsed_s=7646.8
TRAIN epoch=3/8 image=18035/20000 applied=134000 loss=2.493947 elapsed_s=7694.3
TRAIN epoch=3/8 image=18141/20000 applied=134250 loss=0.823923 elapsed_s=7741.7
TRAIN epoch=3/8 image=18250/20000 applied=134500 loss=5.864578 elapsed_s=7789.7
TRAIN epoch=3/8 image=18364/20000 applied=134750 loss=2.256337 elapsed_s=7837.7
CHECKPOINT applied=134814 cursor={'epoch': 3, 'image_position': 18390, 'chunk_start': 4} reason=first_applied_or_timed
TRAIN epoch=3/8 image=18469/20000 applied=135000 loss=1.553399 elapsed_s=7885.2
TRAIN epoch=3/8 image=18578/20000 applied=135250 loss=0.798350 elapsed_s=7932.8
TRAIN epoch=3/8 image=18686/20000 applied=135500 loss=1.734474 elapsed_s=7980.0
TRAIN epoch=3/8 image=18793/20000 applied=135750 loss=3.458137 elapsed_s=8027.2
TRAIN epoch=3/8 image=18904/20000 applied=136000 loss=3.569888 elapsed_s=8074.8
TRAIN epoch=3/8 image=19017/20000 applied=136250 loss=6.910010 elapsed_s=8122.8
CHECKPOINT applied=136396 cursor={'epoch': 3, 'image_position': 19080, 'chunk_start': 4} reason=first_applied_or_timed
TRAIN epoch=3/8 image=19126/20000 applied=136500 loss=2.597721 elapsed_s=8170.5
TRAIN epoch=3/8 image=19235/20000 applied=136750 loss=2.845229 elapsed_s=8218.8
TRAIN epoch=3/8 image=19341/20000 applied=137000 loss=3.391627 elapsed_s=8266.8
TRAIN epoch=3/8 image=19448/20000 applied=137250 loss=3.583248 elapsed_s=8314.5
TRAIN epoch=3/8 image=19554/20000 applied=137500 loss=4.054487 elapsed_s=8362.4
TRAIN epoch=3/8 image=19663/20000 applied=137750 loss=4.738758 elapsed_s=8410.5
CHECKPOINT applied=137962 cursor={'epoch': 3, 'image_position': 19749, 'chunk_start': 0} reason=first_applied_or_timed
TRAIN epoch=3/8 image=19766/20000 applied=138000 loss=3.396912 elapsed_s=8458.5
TRAIN epoch=3/8 image=19871/20000 applied=138250 loss=1.541342 elapsed_s=8506.1
TRAIN epoch=3/8 image=19982/20000 applied=138500 loss=0.068515 elapsed_s=8554.0
EPOCH_COMPLETE 3/8 images=20000 instances=167002 steps=46181 mean_loss=3.147021
{"run_id": "RUN_TRIFLOW_20K_EPOCH03_EVAL_S0", "exit_code": 0, "directory": "D:\\coco_wire\\experiments\\triflow_20k_training_20261007\\runs\\RUN_TRIFLOW_20K_EPOCH03_EVAL_S0"}
{"run_id": "RUN_TRIFLOW_20K_EPOCH03_READOUT_VERIFY_S0", "exit_code": 0, "directory": "D:\\coco_wire\\experiments\\triflow_20k_training_20261007\\runs\\RUN_TRIFLOW_20K_EPOCH03_READOUT_VERIFY_S0"}
EPOCH_OBSERVATION_COMPLETE epoch=3 eval=RUN_TRIFLOW_20K_EPOCH03_EVAL_S0 parent_state_exact=True
CHECKPOINT applied=138543 cursor={'epoch': 4, 'image_position': 0, 'chunk_start': 0} reason=epoch_boundary
TRAIN epoch=4/8 image=1/20000 applied=138544 loss=1.776177 elapsed_s=13329.1
TRAIN epoch=4/8 image=89/20000 applied=138750 loss=1.952590 elapsed_s=13368.7
TRAIN epoch=4/8 image=205/20000 applied=139000 loss=4.297666 elapsed_s=13417.6
TRAIN epoch=4/8 image=321/20000 applied=139250 loss=1.618905 elapsed_s=13466.4
TRAIN epoch=4/8 image=422/20000 applied=139500 loss=3.063528 elapsed_s=13514.3
TRAIN epoch=4/8 image=536/20000 applied=139750 loss=10.266008 elapsed_s=13563.0
TRAIN epoch=4/8 image=644/20000 applied=140000 loss=7.274549 elapsed_s=13611.5
CHECKPOINT applied=140091 cursor={'epoch': 4, 'image_position': 681, 'chunk_start': 4} reason=first_applied_or_timed
TRAIN epoch=4/8 image=747/20000 applied=140250 loss=2.168046 elapsed_s=13659.3
TRAIN epoch=4/8 image=856/20000 applied=140500 loss=7.241929 elapsed_s=13707.2
TRAIN epoch=4/8 image=964/20000 applied=140750 loss=3.333424 elapsed_s=13755.7
TRAIN epoch=4/8 image=1070/20000 applied=141000 loss=1.976244 elapsed_s=13803.7
TRAIN epoch=4/8 image=1173/20000 applied=141250 loss=0.853197 elapsed_s=13851.9
TRAIN epoch=4/8 image=1285/20000 applied=141500 loss=1.454204 elapsed_s=13900.6
CHECKPOINT applied=141646 cursor={'epoch': 4, 'image_position': 1348, 'chunk_start': 4} reason=first_applied_or_timed
TRAIN epoch=4/8 image=1393/20000 applied=141750 loss=3.493275 elapsed_s=13949.7
TRAIN epoch=4/8 image=1500/20000 applied=142000 loss=3.861905 elapsed_s=13997.3
TRAIN epoch=4/8 image=1599/20000 applied=142250 loss=3.753138 elapsed_s=14044.5
TRAIN epoch=4/8 image=1714/20000 applied=142500 loss=0.901253 elapsed_s=14092.8
TRAIN epoch=4/8 image=1830/20000 applied=142750 loss=2.819835 elapsed_s=14141.6
TRAIN epoch=4/8 image=1944/20000 applied=143000 loss=1.964384 elapsed_s=14190.5
CHECKPOINT applied=143205 cursor={'epoch': 4, 'image_position': 2030, 'chunk_start': 4} reason=first_applied_or_timed
TRAIN epoch=4/8 image=2049/20000 applied=143250 loss=9.192094 elapsed_s=14239.0
TRAIN epoch=4/8 image=2149/20000 applied=143500 loss=4.458215 elapsed_s=14286.3
TRAIN epoch=4/8 image=2254/20000 applied=143750 loss=2.337455 elapsed_s=14334.6
TRAIN epoch=4/8 image=2364/20000 applied=144000 loss=4.547341 elapsed_s=14382.7
TRAIN epoch=4/8 image=2473/20000 applied=144250 loss=7.040954 elapsed_s=14430.9
TRAIN epoch=4/8 image=2576/20000 applied=144500 loss=5.894926 elapsed_s=14478.9
TRAIN epoch=4/8 image=2686/20000 applied=144750 loss=1.654384 elapsed_s=14526.9
CHECKPOINT applied=144769 cursor={'epoch': 4, 'image_position': 2692, 'chunk_start': 8} reason=first_applied_or_timed
TRAIN epoch=4/8 image=2792/20000 applied=145000 loss=3.531834 elapsed_s=14575.3
TRAIN epoch=4/8 image=2897/20000 applied=145250 loss=1.661072 elapsed_s=14624.0
TRAIN epoch=4/8 image=3004/20000 applied=145500 loss=2.451583 elapsed_s=14672.0
TRAIN epoch=4/8 image=3119/20000 applied=145750 loss=2.364625 elapsed_s=14720.9
TRAIN epoch=4/8 image=3225/20000 applied=146000 loss=4.583034 elapsed_s=14768.7
TRAIN epoch=4/8 image=3327/20000 applied=146250 loss=1.559859 elapsed_s=14816.4
CHECKPOINT applied=146327 cursor={'epoch': 4, 'image_position': 3360, 'chunk_start': 4} reason=first_applied_or_timed
TRAIN epoch=4/8 image=3437/20000 applied=146500 loss=6.612694 elapsed_s=14864.3
TRAIN epoch=4/8 image=3546/20000 applied=146750 loss=3.769066 elapsed_s=14911.8
TRAIN epoch=4/8 image=3652/20000 applied=147000 loss=2.591147 elapsed_s=14959.3
TRAIN epoch=4/8 image=3760/20000 applied=147250 loss=1.338308 elapsed_s=15006.8
TRAIN epoch=4/8 image=3868/20000 applied=147500 loss=2.431129 elapsed_s=15055.5
TRAIN epoch=4/8 image=3983/20000 applied=147750 loss=3.064169 elapsed_s=15103.9
CHECKPOINT applied=147892 cursor={'epoch': 4, 'image_position': 4045, 'chunk_start': 4} reason=first_applied_or_timed
TRAIN epoch=4/8 image=4094/20000 applied=148000 loss=2.183614 elapsed_s=15152.6
TRAIN epoch=4/8 image=4200/20000 applied=148250 loss=1.455291 elapsed_s=15201.2
TRAIN epoch=4/8 image=4309/20000 applied=148500 loss=1.306006 elapsed_s=15249.6
TRAIN epoch=4/8 image=4416/20000 applied=148750 loss=2.224232 elapsed_s=15297.6
TRAIN epoch=4/8 image=4528/20000 applied=149000 loss=6.867480 elapsed_s=15346.1
TRAIN epoch=4/8 image=4628/20000 applied=149250 loss=2.003495 elapsed_s=15393.4
CHECKPOINT applied=149452 cursor={'epoch': 4, 'image_position': 4712, 'chunk_start': 8} reason=first_applied_or_timed
TRAIN epoch=4/8 image=4733/20000 applied=149500 loss=1.922818 elapsed_s=15441.6
TRAIN epoch=4/8 image=4839/20000 applied=149750 loss=1.324358 elapsed_s=15489.5
TRAIN epoch=4/8 image=4945/20000 applied=150000 loss=5.124726 elapsed_s=15537.6
TRAIN epoch=4/8 image=5049/20000 applied=150250 loss=4.254641 elapsed_s=15585.0
TRAIN epoch=4/8 image=5156/20000 applied=150500 loss=1.228743 elapsed_s=15632.9
TRAIN epoch=4/8 image=5258/20000 applied=150750 loss=4.409060 elapsed_s=15680.4
TRAIN epoch=4/8 image=5369/20000 applied=151000 loss=1.698882 elapsed_s=15727.9
CHECKPOINT applied=151023 cursor={'epoch': 4, 'image_position': 5379, 'chunk_start': 4} reason=first_applied_or_timed
TRAIN epoch=4/8 image=5478/20000 applied=151250 loss=3.996489 elapsed_s=15776.7
TRAIN epoch=4/8 image=5589/20000 applied=151500 loss=6.041686 elapsed_s=15825.0
TRAIN epoch=4/8 image=5692/20000 applied=151750 loss=2.430629 elapsed_s=15873.4
TRAIN epoch=4/8 image=5806/20000 applied=152000 loss=1.273256 elapsed_s=15922.5
TRAIN epoch=4/8 image=5911/20000 applied=152250 loss=2.030253 elapsed_s=15970.6
TRAIN epoch=4/8 image=6024/20000 applied=152500 loss=4.971670 elapsed_s=16019.5
CHECKPOINT applied=152571 cursor={'epoch': 4, 'image_position': 6051, 'chunk_start': 4} reason=first_applied_or_timed
TRAIN epoch=4/8 image=6124/20000 applied=152750 loss=1.326007 elapsed_s=16067.3
TRAIN epoch=4/8 image=6229/20000 applied=153000 loss=0.605175 elapsed_s=16116.0
TRAIN epoch=4/8 image=6331/20000 applied=153250 loss=3.463141 elapsed_s=16163.0
TRAIN epoch=4/8 image=6443/20000 applied=153500 loss=5.826514 elapsed_s=16210.8
TRAIN epoch=4/8 image=6550/20000 applied=153750 loss=2.600913 elapsed_s=16258.5
TRAIN epoch=4/8 image=6660/20000 applied=154000 loss=1.489355 elapsed_s=16307.4
CHECKPOINT applied=154136 cursor={'epoch': 4, 'image_position': 6718, 'chunk_start': 4} reason=first_applied_or_timed
TRAIN epoch=4/8 image=6769/20000 applied=154250 loss=2.939324 elapsed_s=16355.5
TRAIN epoch=4/8 image=6870/20000 applied=154500 loss=5.342073 elapsed_s=16403.0
TRAIN epoch=4/8 image=6973/20000 applied=154750 loss=4.318128 elapsed_s=16450.4
TRAIN epoch=4/8 image=7081/20000 applied=155000 loss=1.858127 elapsed_s=16498.1
TRAIN epoch=4/8 image=7196/20000 applied=155250 loss=4.247608 elapsed_s=16546.9
TRAIN epoch=4/8 image=7309/20000 applied=155500 loss=2.047755 elapsed_s=16595.2
CHECKPOINT applied=155698 cursor={'epoch': 4, 'image_position': 7396, 'chunk_start': 4} reason=first_applied_or_timed
TRAIN epoch=4/8 image=7418/20000 applied=155750 loss=2.278330 elapsed_s=16644.3
TRAIN epoch=4/8 image=7520/20000 applied=156000 loss=0.784800 elapsed_s=16692.2
TRAIN epoch=4/8 image=7628/20000 applied=156250 loss=0.789567 elapsed_s=16740.1
TRAIN epoch=4/8 image=7738/20000 applied=156500 loss=3.565863 elapsed_s=16788.8
TRAIN epoch=4/8 image=7845/20000 applied=156750 loss=1.995106 elapsed_s=16836.7
TRAIN epoch=4/8 image=7957/20000 applied=157000 loss=2.726845 elapsed_s=16884.5
TRAIN epoch=4/8 image=8062/20000 applied=157250 loss=1.729520 elapsed_s=16931.7
CHECKPOINT applied=157265 cursor={'epoch': 4, 'image_position': 8067, 'chunk_start': 4} reason=first_applied_or_timed
TRAIN epoch=4/8 image=8173/20000 applied=157500 loss=1.593613 elapsed_s=16980.3
TRAIN epoch=4/8 image=8283/20000 applied=157750 loss=1.600177 elapsed_s=17028.5
TRAIN epoch=4/8 image=8393/20000 applied=158000 loss=1.830854 elapsed_s=17076.5
TRAIN epoch=4/8 image=8510/20000 applied=158250 loss=3.964355 elapsed_s=17124.7
TRAIN epoch=4/8 image=8625/20000 applied=158500 loss=2.065197 elapsed_s=17173.5
TRAIN epoch=4/8 image=8732/20000 applied=158750 loss=1.430068 elapsed_s=17222.2
CHECKPOINT applied=158816 cursor={'epoch': 4, 'image_position': 8762, 'chunk_start': 0} reason=first_applied_or_timed
TRAIN epoch=4/8 image=8840/20000 applied=159000 loss=1.949755 elapsed_s=17270.5
TRAIN epoch=4/8 image=8939/20000 applied=159250 loss=2.533167 elapsed_s=17317.8
TRAIN epoch=4/8 image=9046/20000 applied=159500 loss=3.897477 elapsed_s=17365.4
TRAIN epoch=4/8 image=9150/20000 applied=159750 loss=3.131365 elapsed_s=17413.3
TRAIN epoch=4/8 image=9268/20000 applied=160000 loss=2.074521 elapsed_s=17462.2
TRAIN epoch=4/8 image=9374/20000 applied=160250 loss=2.543844 elapsed_s=17510.6
CHECKPOINT applied=160380 cursor={'epoch': 4, 'image_position': 9429, 'chunk_start': 4} reason=first_applied_or_timed
TRAIN epoch=4/8 image=9476/20000 applied=160500 loss=7.102108 elapsed_s=17558.5
TRAIN epoch=4/8 image=9581/20000 applied=160750 loss=2.877367 elapsed_s=17606.0
TRAIN epoch=4/8 image=9686/20000 applied=161000 loss=1.244694 elapsed_s=17653.6
TRAIN epoch=4/8 image=9793/20000 applied=161250 loss=4.007533 elapsed_s=17702.3
TRAIN epoch=4/8 image=9907/20000 applied=161500 loss=3.753111 elapsed_s=17750.5
TRAIN epoch=4/8 image=10013/20000 applied=161750 loss=2.147093 elapsed_s=17798.3
CHECKPOINT applied=161945 cursor={'epoch': 4, 'image_position': 10097, 'chunk_start': 4} reason=first_applied_or_timed
TRAIN epoch=4/8 image=10121/20000 applied=162000 loss=7.219745 elapsed_s=17847.0
TRAIN epoch=4/8 image=10221/20000 applied=162250 loss=1.369963 elapsed_s=17894.0
TRAIN epoch=4/8 image=10331/20000 applied=162500 loss=4.069646 elapsed_s=17942.3
TRAIN epoch=4/8 image=10442/20000 applied=162750 loss=1.201153 elapsed_s=17991.0
TRAIN epoch=4/8 image=10552/20000 applied=163000 loss=4.121627 elapsed_s=18039.5
TRAIN epoch=4/8 image=10663/20000 applied=163250 loss=1.380165 elapsed_s=18088.0
TRAIN epoch=4/8 image=10766/20000 applied=163500 loss=2.502605 elapsed_s=18135.7
CHECKPOINT applied=163506 cursor={'epoch': 4, 'image_position': 10768, 'chunk_start': 0} reason=first_applied_or_timed
TRAIN epoch=4/8 image=10877/20000 applied=163750 loss=1.333683 elapsed_s=18184.5
TRAIN epoch=4/8 image=10981/20000 applied=164000 loss=1.562921 elapsed_s=18232.6
TRAIN epoch=4/8 image=11092/20000 applied=164250 loss=8.181290 elapsed_s=18281.6
TRAIN epoch=4/8 image=11206/20000 applied=164500 loss=7.845757 elapsed_s=18329.3
TRAIN epoch=4/8 image=11316/20000 applied=164750 loss=1.804747 elapsed_s=18377.0
TRAIN epoch=4/8 image=11428/20000 applied=165000 loss=1.447561 elapsed_s=18424.9
CHECKPOINT applied=165066 cursor={'epoch': 4, 'image_position': 11455, 'chunk_start': 0} reason=first_applied_or_timed
TRAIN epoch=4/8 image=11528/20000 applied=165250 loss=3.212900 elapsed_s=18472.0
TRAIN epoch=4/8 image=11636/20000 applied=165500 loss=2.633764 elapsed_s=18519.5
TRAIN epoch=4/8 image=11746/20000 applied=165750 loss=1.546898 elapsed_s=18567.1
TRAIN epoch=4/8 image=11853/20000 applied=166000 loss=1.350788 elapsed_s=18614.8
TRAIN epoch=4/8 image=11963/20000 applied=166250 loss=5.847011 elapsed_s=18662.6
TRAIN epoch=4/8 image=12070/20000 applied=166500 loss=1.471699 elapsed_s=18710.7
CHECKPOINT applied=166642 cursor={'epoch': 4, 'image_position': 12127, 'chunk_start': 8} reason=first_applied_or_timed
TRAIN epoch=4/8 image=12178/20000 applied=166750 loss=1.382679 elapsed_s=18759.1
TRAIN epoch=4/8 image=12287/20000 applied=167000 loss=2.253413 elapsed_s=18807.2
TRAIN epoch=4/8 image=12396/20000 applied=167250 loss=3.924054 elapsed_s=18855.6
TRAIN epoch=4/8 image=12502/20000 applied=167500 loss=3.402092 elapsed_s=18903.6
TRAIN epoch=4/8 image=12611/20000 applied=167750 loss=2.621117 elapsed_s=18951.8
TRAIN epoch=4/8 image=12718/20000 applied=168000 loss=8.464413 elapsed_s=18999.9
CHECKPOINT applied=168202 cursor={'epoch': 4, 'image_position': 12806, 'chunk_start': 4} reason=first_applied_or_timed
TRAIN epoch=4/8 image=12829/20000 applied=168250 loss=6.485905 elapsed_s=19048.0
TRAIN epoch=4/8 image=12941/20000 applied=168500 loss=1.223379 elapsed_s=19095.6
TRAIN epoch=4/8 image=13053/20000 applied=168750 loss=4.073794 elapsed_s=19143.7
TRAIN epoch=4/8 image=13160/20000 applied=169000 loss=1.552665 elapsed_s=19190.8
TRAIN epoch=4/8 image=13273/20000 applied=169250 loss=1.751479 elapsed_s=19238.7
TRAIN epoch=4/8 image=13379/20000 applied=169500 loss=1.575064 elapsed_s=19285.9
TRAIN epoch=4/8 image=13488/20000 applied=169750 loss=1.716968 elapsed_s=19333.2
CHECKPOINT applied=169780 cursor={'epoch': 4, 'image_position': 13501, 'chunk_start': 4} reason=first_applied_or_timed
TRAIN epoch=4/8 image=13599/20000 applied=170000 loss=1.154408 elapsed_s=19381.9
TRAIN epoch=4/8 image=13713/20000 applied=170250 loss=2.732252 elapsed_s=19429.8
TRAIN epoch=4/8 image=13822/20000 applied=170500 loss=2.786174 elapsed_s=19478.5
TRAIN epoch=4/8 image=13931/20000 applied=170750 loss=1.782877 elapsed_s=19526.6
TRAIN epoch=4/8 image=14037/20000 applied=171000 loss=1.795963 elapsed_s=19574.8
TRAIN epoch=4/8 image=14153/20000 applied=171250 loss=0.512527 elapsed_s=19623.3
CHECKPOINT applied=171332 cursor={'epoch': 4, 'image_position': 14187, 'chunk_start': 8} reason=first_applied_or_timed
TRAIN epoch=4/8 image=14257/20000 applied=171500 loss=4.046888 elapsed_s=19671.7
TRAIN epoch=4/8 image=14365/20000 applied=171750 loss=1.667417 elapsed_s=19719.7
TRAIN epoch=4/8 image=14472/20000 applied=172000 loss=3.781608 elapsed_s=19767.1
TRAIN epoch=4/8 image=14582/20000 applied=172250 loss=3.941259 elapsed_s=19814.9
TRAIN epoch=4/8 image=14693/20000 applied=172500 loss=2.841622 elapsed_s=19862.7
TRAIN epoch=4/8 image=14792/20000 applied=172750 loss=3.935208 elapsed_s=19909.3
CHECKPOINT applied=172910 cursor={'epoch': 4, 'image_position': 14861, 'chunk_start': 0} reason=first_applied_or_timed
TRAIN epoch=4/8 image=14897/20000 applied=173000 loss=4.767737 elapsed_s=19957.0
TRAIN epoch=4/8 image=15004/20000 applied=173250 loss=2.450785 elapsed_s=20004.6
TRAIN epoch=4/8 image=15112/20000 applied=173500 loss=1.454539 elapsed_s=20051.4
TRAIN epoch=4/8 image=15221/20000 applied=173750 loss=3.460809 elapsed_s=20098.9
TRAIN epoch=4/8 image=15328/20000 applied=174000 loss=0.983978 elapsed_s=20147.2
TRAIN epoch=4/8 image=15438/20000 applied=174250 loss=2.374607 elapsed_s=20195.0
CHECKPOINT applied=174481 cursor={'epoch': 4, 'image_position': 15542, 'chunk_start': 4} reason=first_applied_or_timed
TRAIN epoch=4/8 image=15552/20000 applied=174500 loss=1.879459 elapsed_s=20244.4
TRAIN epoch=4/8 image=15661/20000 applied=174750 loss=1.024596 elapsed_s=20293.0
TRAIN epoch=4/8 image=15769/20000 applied=175000 loss=1.202873 elapsed_s=20341.2
TRAIN epoch=4/8 image=15878/20000 applied=175250 loss=1.750092 elapsed_s=20389.6
TRAIN epoch=4/8 image=15989/20000 applied=175500 loss=2.205583 elapsed_s=20438.3
TRAIN epoch=4/8 image=16096/20000 applied=175750 loss=3.921335 elapsed_s=20486.3
TRAIN epoch=4/8 image=16206/20000 applied=176000 loss=1.862431 elapsed_s=20534.2
CHECKPOINT applied=176033 cursor={'epoch': 4, 'image_position': 16222, 'chunk_start': 4} reason=first_applied_or_timed
TRAIN epoch=4/8 image=16319/20000 applied=176250 loss=2.713058 elapsed_s=20582.8
TRAIN epoch=4/8 image=16427/20000 applied=176500 loss=4.728697 elapsed_s=20630.5
TRAIN epoch=4/8 image=16531/20000 applied=176750 loss=1.555673 elapsed_s=20678.0
TRAIN epoch=4/8 image=16639/20000 applied=177000 loss=6.767599 elapsed_s=20725.3
TRAIN epoch=4/8 image=16749/20000 applied=177250 loss=4.941139 elapsed_s=20772.8
TRAIN epoch=4/8 image=16857/20000 applied=177500 loss=1.854283 elapsed_s=20820.3
CHECKPOINT applied=177608 cursor={'epoch': 4, 'image_position': 16907, 'chunk_start': 4} reason=first_applied_or_timed
TRAIN epoch=4/8 image=16970/20000 applied=177750 loss=1.387255 elapsed_s=20868.9
TRAIN epoch=4/8 image=17080/20000 applied=178000 loss=1.321323 elapsed_s=20917.1
TRAIN epoch=4/8 image=17195/20000 applied=178250 loss=1.549042 elapsed_s=20965.9
TRAIN epoch=4/8 image=17306/20000 applied=178500 loss=3.641990 elapsed_s=21014.1
TRAIN epoch=4/8 image=17417/20000 applied=178750 loss=1.959562 elapsed_s=21062.4
TRAIN epoch=4/8 image=17527/20000 applied=179000 loss=2.150427 elapsed_s=21110.7
CHECKPOINT applied=179160 cursor={'epoch': 4, 'image_position': 17596, 'chunk_start': 8} reason=first_applied_or_timed
TRAIN epoch=4/8 image=17634/20000 applied=179250 loss=1.223202 elapsed_s=21159.3
TRAIN epoch=4/8 image=17745/20000 applied=179500 loss=4.696774 elapsed_s=21207.0
TRAIN epoch=4/8 image=17856/20000 applied=179750 loss=2.980060 elapsed_s=21254.1
TRAIN epoch=4/8 image=17959/20000 applied=180000 loss=1.047111 elapsed_s=21301.3
TRAIN epoch=4/8 image=18066/20000 applied=180250 loss=3.891842 elapsed_s=21348.8
TRAIN epoch=4/8 image=18171/20000 applied=180500 loss=1.097628 elapsed_s=21396.1
CHECKPOINT applied=180744 cursor={'epoch': 4, 'image_position': 18277, 'chunk_start': 4} reason=first_applied_or_timed
TRAIN epoch=4/8 image=18280/20000 applied=180750 loss=1.659428 elapsed_s=21443.8
TRAIN epoch=4/8 image=18389/20000 applied=181000 loss=8.005515 elapsed_s=21490.9
TRAIN epoch=4/8 image=18498/20000 applied=181250 loss=2.302528 elapsed_s=21538.0
TRAIN epoch=4/8 image=18605/20000 applied=181500 loss=5.000458 elapsed_s=21585.8
TRAIN epoch=4/8 image=18720/20000 applied=181750 loss=1.862218 elapsed_s=21634.6
TRAIN epoch=4/8 image=18828/20000 applied=182000 loss=1.161239 elapsed_s=21683.0
TRAIN epoch=4/8 image=18937/20000 applied=182250 loss=1.294912 elapsed_s=21731.3
CHECKPOINT applied=182310 cursor={'epoch': 4, 'image_position': 18962, 'chunk_start': 4} reason=first_applied_or_timed
TRAIN epoch=4/8 image=19044/20000 applied=182500 loss=4.401663 elapsed_s=21779.3
TRAIN epoch=4/8 image=19154/20000 applied=182750 loss=6.587777 elapsed_s=21827.6
TRAIN epoch=4/8 image=19265/20000 applied=183000 loss=4.650894 elapsed_s=21876.0
TRAIN epoch=4/8 image=19373/20000 applied=183250 loss=1.874978 elapsed_s=21923.6
TRAIN epoch=4/8 image=19477/20000 applied=183500 loss=2.909545 elapsed_s=21970.8
TRAIN epoch=4/8 image=19586/20000 applied=183750 loss=1.714682 elapsed_s=22018.0
CHECKPOINT applied=183884 cursor={'epoch': 4, 'image_position': 19646, 'chunk_start': 4} reason=first_applied_or_timed
TRAIN epoch=4/8 image=19696/20000 applied=184000 loss=2.975553 elapsed_s=22065.5
TRAIN epoch=4/8 image=19798/20000 applied=184250 loss=1.945517 elapsed_s=22112.7
TRAIN epoch=4/8 image=19907/20000 applied=184500 loss=2.090966 elapsed_s=22160.3
EPOCH_COMPLETE 4/8 images=20000 instances=167002 steps=46181 mean_loss=3.103038
{"run_id": "RUN_TRIFLOW_20K_EPOCH04_EVAL_S0", "exit_code": 0, "directory": "D:\\coco_wire\\experiments\\triflow_20k_training_20261007\\runs\\RUN_TRIFLOW_20K_EPOCH04_EVAL_S0"}
{"run_id": "RUN_TRIFLOW_20K_EPOCH04_READOUT_VERIFY_S0", "exit_code": 0, "directory": "D:\\coco_wire\\experiments\\triflow_20k_training_20261007\\runs\\RUN_TRIFLOW_20K_EPOCH04_READOUT_VERIFY_S0"}
EPOCH_OBSERVATION_COMPLETE epoch=4 eval=RUN_TRIFLOW_20K_EPOCH04_EVAL_S0 parent_state_exact=True
CHECKPOINT applied=184724 cursor={'epoch': 5, 'image_position': 0, 'chunk_start': 0} reason=epoch_boundary
TRAIN epoch=5/8 image=1/20000 applied=184725 loss=2.850336 elapsed_s=26915.6
TRAIN epoch=5/8 image=10/20000 applied=184750 loss=1.442481 elapsed_s=26920.3
TRAIN epoch=5/8 image=120/20000 applied=185000 loss=1.916321 elapsed_s=26967.7
TRAIN epoch=5/8 image=225/20000 applied=185250 loss=2.777984 elapsed_s=27015.6
TRAIN epoch=5/8 image=331/20000 applied=185500 loss=3.138988 elapsed_s=27063.2
TRAIN epoch=5/8 image=437/20000 applied=185750 loss=5.016041 elapsed_s=27111.2
TRAIN epoch=5/8 image=542/20000 applied=186000 loss=4.208539 elapsed_s=27159.3
TRAIN epoch=5/8 image=647/20000 applied=186250 loss=3.169065 elapsed_s=27207.1
CHECKPOINT applied=186291 cursor={'epoch': 5, 'image_position': 664, 'chunk_start': 4} reason=first_applied_or_timed
TRAIN epoch=5/8 image=754/20000 applied=186500 loss=1.538456 elapsed_s=27255.9
TRAIN epoch=5/8 image=864/20000 applied=186750 loss=3.608444 elapsed_s=27304.3
TRAIN epoch=5/8 image=970/20000 applied=187000 loss=1.956579 elapsed_s=27352.2
TRAIN epoch=5/8 image=1080/20000 applied=187250 loss=3.558085 elapsed_s=27400.5
TRAIN epoch=5/8 image=1188/20000 applied=187500 loss=1.721340 elapsed_s=27448.5
TRAIN epoch=5/8 image=1303/20000 applied=187750 loss=1.645363 elapsed_s=27497.2
CHECKPOINT applied=187845 cursor={'epoch': 5, 'image_position': 1346, 'chunk_start': 4} reason=first_applied_or_timed
TRAIN epoch=5/8 image=1415/20000 applied=188000 loss=5.567778 elapsed_s=27545.4
TRAIN epoch=5/8 image=1521/20000 applied=188250 loss=4.301203 elapsed_s=27592.9
TRAIN epoch=5/8 image=1632/20000 applied=188500 loss=2.362977 elapsed_s=27641.3
TRAIN epoch=5/8 image=1738/20000 applied=188750 loss=0.787678 elapsed_s=27689.2
TRAIN epoch=5/8 image=1843/20000 applied=189000 loss=1.169320 elapsed_s=27737.1
TRAIN epoch=5/8 image=1955/20000 applied=189250 loss=1.042400 elapsed_s=27785.6
CHECKPOINT applied=189407 cursor={'epoch': 5, 'image_position': 2029, 'chunk_start': 8} reason=first_applied_or_timed
TRAIN epoch=5/8 image=2071/20000 applied=189500 loss=2.465737 elapsed_s=27834.9
TRAIN epoch=5/8 image=2178/20000 applied=189750 loss=2.010643 elapsed_s=27883.5
TRAIN epoch=5/8 image=2285/20000 applied=190000 loss=1.822194 elapsed_s=27931.8
TRAIN epoch=5/8 image=2393/20000 applied=190250 loss=1.819819 elapsed_s=27980.4
TRAIN epoch=5/8 image=2501/20000 applied=190500 loss=3.181812 elapsed_s=28028.4
TRAIN epoch=5/8 image=2608/20000 applied=190750 loss=5.278059 elapsed_s=28077.3
CHECKPOINT applied=190950 cursor={'epoch': 5, 'image_position': 2697, 'chunk_start': 0} reason=first_applied_or_timed
TRAIN epoch=5/8 image=2716/20000 applied=191000 loss=3.539553 elapsed_s=28126.2
TRAIN epoch=5/8 image=2824/20000 applied=191250 loss=2.972888 elapsed_s=28174.0
TRAIN epoch=5/8 image=2937/20000 applied=191500 loss=4.245553 elapsed_s=28222.3
TRAIN epoch=5/8 image=3049/20000 applied=191750 loss=4.266063 elapsed_s=28270.5
TRAIN epoch=5/8 image=3161/20000 applied=192000 loss=1.262401 elapsed_s=28319.0
TRAIN epoch=5/8 image=3270/20000 applied=192250 loss=5.341082 elapsed_s=28367.1
TRAIN epoch=5/8 image=3379/20000 applied=192500 loss=2.826380 elapsed_s=28415.1
CHECKPOINT applied=192511 cursor={'epoch': 5, 'image_position': 3383, 'chunk_start': 4} reason=first_applied_or_timed
TRAIN epoch=5/8 image=3487/20000 applied=192750 loss=2.189259 elapsed_s=28462.7
TRAIN epoch=5/8 image=3596/20000 applied=193000 loss=1.752106 elapsed_s=28510.5
TRAIN epoch=5/8 image=3705/20000 applied=193250 loss=3.663641 elapsed_s=28558.4
TRAIN epoch=5/8 image=3811/20000 applied=193500 loss=9.314636 elapsed_s=28606.5
TRAIN epoch=5/8 image=3921/20000 applied=193750 loss=2.385111 elapsed_s=28655.7
TRAIN epoch=5/8 image=4025/20000 applied=194000 loss=6.659035 elapsed_s=28703.3
CHECKPOINT applied=194074 cursor={'epoch': 5, 'image_position': 4057, 'chunk_start': 4} reason=first_applied_or_timed
TRAIN epoch=5/8 image=4128/20000 applied=194250 loss=17.105150 elapsed_s=28751.3
TRAIN epoch=5/8 image=4237/20000 applied=194500 loss=1.082997 elapsed_s=28799.1
TRAIN epoch=5/8 image=4340/20000 applied=194750 loss=1.791712 elapsed_s=28846.6
TRAIN epoch=5/8 image=4455/20000 applied=195000 loss=3.004618 elapsed_s=28895.5
TRAIN epoch=5/8 image=4568/20000 applied=195250 loss=1.377792 elapsed_s=28943.8
TRAIN epoch=5/8 image=4675/20000 applied=195500 loss=4.138956 elapsed_s=28991.8
CHECKPOINT applied=195638 cursor={'epoch': 5, 'image_position': 4736, 'chunk_start': 0} reason=first_applied_or_timed
TRAIN epoch=5/8 image=4783/20000 applied=195750 loss=1.328033 elapsed_s=29040.1
TRAIN epoch=5/8 image=4892/20000 applied=196000 loss=2.265209 elapsed_s=29088.2
TRAIN epoch=5/8 image=5008/20000 applied=196250 loss=2.880127 elapsed_s=29136.3
TRAIN epoch=5/8 image=5118/20000 applied=196500 loss=4.323327 elapsed_s=29184.4
TRAIN epoch=5/8 image=5224/20000 applied=196750 loss=1.568785 elapsed_s=29231.8
TRAIN epoch=5/8 image=5333/20000 applied=197000 loss=2.895648 elapsed_s=29280.1
CHECKPOINT applied=197197 cursor={'epoch': 5, 'image_position': 5419, 'chunk_start': 8} reason=first_applied_or_timed
TRAIN epoch=5/8 image=5441/20000 applied=197250 loss=2.755112 elapsed_s=29329.2
TRAIN epoch=5/8 image=5545/20000 applied=197500 loss=1.851413 elapsed_s=29377.2
TRAIN epoch=5/8 image=5649/20000 applied=197750 loss=2.980020 elapsed_s=29425.0
TRAIN epoch=5/8 image=5755/20000 applied=198000 loss=5.773145 elapsed_s=29472.6
TRAIN epoch=5/8 image=5862/20000 applied=198250 loss=6.069027 elapsed_s=29521.2
TRAIN epoch=5/8 image=5967/20000 applied=198500 loss=1.453221 elapsed_s=29569.2
TRAIN epoch=5/8 image=6076/20000 applied=198750 loss=2.537674 elapsed_s=29617.0
CHECKPOINT applied=198760 cursor={'epoch': 5, 'image_position': 6080, 'chunk_start': 4} reason=first_applied_or_timed
TRAIN epoch=5/8 image=6186/20000 applied=199000 loss=3.001849 elapsed_s=29665.1
TRAIN epoch=5/8 image=6296/20000 applied=199250 loss=2.177632 elapsed_s=29712.7
TRAIN epoch=5/8 image=6403/20000 applied=199500 loss=3.418691 elapsed_s=29760.5
TRAIN epoch=5/8 image=6511/20000 applied=199750 loss=2.669487 elapsed_s=29808.3
TRAIN epoch=5/8 image=6619/20000 applied=200000 loss=3.063034 elapsed_s=29856.2
TRAIN epoch=5/8 image=6724/20000 applied=200250 loss=1.654029 elapsed_s=29904.8
CHECKPOINT applied=200326 cursor={'epoch': 5, 'image_position': 6755, 'chunk_start': 4} reason=first_applied_or_timed
TRAIN epoch=5/8 image=6834/20000 applied=200500 loss=2.591074 elapsed_s=29953.1
TRAIN epoch=5/8 image=6938/20000 applied=200750 loss=3.886770 elapsed_s=30001.3
TRAIN epoch=5/8 image=7040/20000 applied=201000 loss=1.411924 elapsed_s=30049.0
TRAIN epoch=5/8 image=7150/20000 applied=201250 loss=1.960175 elapsed_s=30097.7
TRAIN epoch=5/8 image=7259/20000 applied=201500 loss=2.136732 elapsed_s=30146.0
TRAIN epoch=5/8 image=7371/20000 applied=201750 loss=5.822181 elapsed_s=30194.0
CHECKPOINT applied=201889 cursor={'epoch': 5, 'image_position': 7429, 'chunk_start': 0} reason=first_applied_or_timed
TRAIN epoch=5/8 image=7477/20000 applied=202000 loss=0.722799 elapsed_s=30242.0
TRAIN epoch=5/8 image=7581/20000 applied=202250 loss=1.578099 elapsed_s=30289.4
TRAIN epoch=5/8 image=7690/20000 applied=202500 loss=1.683466 elapsed_s=30337.6
TRAIN epoch=5/8 image=7798/20000 applied=202750 loss=1.475029 elapsed_s=30385.2
TRAIN epoch=5/8 image=7898/20000 applied=203000 loss=7.127918 elapsed_s=30432.0
TRAIN epoch=5/8 image=8006/20000 applied=203250 loss=8.594726 elapsed_s=30480.0
CHECKPOINT applied=203462 cursor={'epoch': 5, 'image_position': 8094, 'chunk_start': 8} reason=first_applied_or_timed
TRAIN epoch=5/8 image=8114/20000 applied=203500 loss=1.707945 elapsed_s=30528.4
TRAIN epoch=5/8 image=8225/20000 applied=203750 loss=2.129941 elapsed_s=30576.2
TRAIN epoch=5/8 image=8338/20000 applied=204000 loss=1.757880 elapsed_s=30624.1
TRAIN epoch=5/8 image=8445/20000 applied=204250 loss=2.182645 elapsed_s=30671.7
TRAIN epoch=5/8 image=8551/20000 applied=204500 loss=2.602341 elapsed_s=30720.1
TRAIN epoch=5/8 image=8651/20000 applied=204750 loss=3.657189 elapsed_s=30767.8
TRAIN epoch=5/8 image=8753/20000 applied=205000 loss=2.311428 elapsed_s=30815.8
CHECKPOINT applied=205026 cursor={'epoch': 5, 'image_position': 8762, 'chunk_start': 8} reason=first_applied_or_timed
TRAIN epoch=5/8 image=8858/20000 applied=205250 loss=3.150940 elapsed_s=30864.3
TRAIN epoch=5/8 image=8964/20000 applied=205500 loss=2.503507 elapsed_s=30912.2
TRAIN epoch=5/8 image=9077/20000 applied=205750 loss=1.686034 elapsed_s=30960.9
TRAIN epoch=5/8 image=9185/20000 applied=206000 loss=6.320258 elapsed_s=31009.5
TRAIN epoch=5/8 image=9295/20000 applied=206250 loss=7.402848 elapsed_s=31057.6
TRAIN epoch=5/8 image=9406/20000 applied=206500 loss=2.122963 elapsed_s=31105.3
CHECKPOINT applied=206584 cursor={'epoch': 5, 'image_position': 9440, 'chunk_start': 4} reason=first_applied_or_timed
TRAIN epoch=5/8 image=9507/20000 applied=206750 loss=2.347640 elapsed_s=31152.9
TRAIN epoch=5/8 image=9617/20000 applied=207000 loss=1.307138 elapsed_s=31200.5
TRAIN epoch=5/8 image=9733/20000 applied=207250 loss=0.967927 elapsed_s=31249.0
TRAIN epoch=5/8 image=9843/20000 applied=207500 loss=2.885297 elapsed_s=31296.7
TRAIN epoch=5/8 image=9949/20000 applied=207750 loss=3.525305 elapsed_s=31343.9
TRAIN epoch=5/8 image=10056/20000 applied=208000 loss=3.379916 elapsed_s=31391.3
CHECKPOINT applied=208160 cursor={'epoch': 5, 'image_position': 10125, 'chunk_start': 4} reason=first_applied_or_timed
TRAIN epoch=5/8 image=10162/20000 applied=208250 loss=4.363013 elapsed_s=31439.3
TRAIN epoch=5/8 image=10269/20000 applied=208500 loss=1.403406 elapsed_s=31487.7
TRAIN epoch=5/8 image=10383/20000 applied=208750 loss=7.237543 elapsed_s=31536.2
TRAIN epoch=5/8 image=10486/20000 applied=209000 loss=1.727023 elapsed_s=31584.4
TRAIN epoch=5/8 image=10588/20000 applied=209250 loss=1.770322 elapsed_s=31632.4
TRAIN epoch=5/8 image=10692/20000 applied=209500 loss=2.478128 elapsed_s=31680.3
CHECKPOINT applied=209717 cursor={'epoch': 5, 'image_position': 10792, 'chunk_start': 0} reason=first_applied_or_timed
TRAIN epoch=5/8 image=10806/20000 applied=209750 loss=5.587657 elapsed_s=31729.5
TRAIN epoch=5/8 image=10920/20000 applied=210000 loss=4.866493 elapsed_s=31778.3
TRAIN epoch=5/8 image=11026/20000 applied=210250 loss=1.741704 elapsed_s=31825.7
TRAIN epoch=5/8 image=11139/20000 applied=210500 loss=0.977654 elapsed_s=31873.5
TRAIN epoch=5/8 image=11253/20000 applied=210750 loss=0.745624 elapsed_s=31921.5
TRAIN epoch=5/8 image=11366/20000 applied=211000 loss=5.650771 elapsed_s=31969.5
TRAIN epoch=5/8 image=11475/20000 applied=211250 loss=4.537230 elapsed_s=32017.5
CHECKPOINT applied=211279 cursor={'epoch': 5, 'image_position': 11488, 'chunk_start': 0} reason=first_applied_or_timed
TRAIN epoch=5/8 image=11575/20000 applied=211500 loss=2.212819 elapsed_s=32064.9
TRAIN epoch=5/8 image=11679/20000 applied=211750 loss=4.648470 elapsed_s=32112.4
TRAIN epoch=5/8 image=11786/20000 applied=212000 loss=1.442890 elapsed_s=32160.4
TRAIN epoch=5/8 image=11891/20000 applied=212250 loss=2.951245 elapsed_s=32208.8
TRAIN epoch=5/8 image=11999/20000 applied=212500 loss=1.384503 elapsed_s=32257.3
TRAIN epoch=5/8 image=12105/20000 applied=212750 loss=4.224515 elapsed_s=32305.1
CHECKPOINT applied=212847 cursor={'epoch': 5, 'image_position': 12142, 'chunk_start': 8} reason=first_applied_or_timed
TRAIN epoch=5/8 image=12209/20000 applied=213000 loss=3.698704 elapsed_s=32353.2
TRAIN epoch=5/8 image=12322/20000 applied=213250 loss=1.630385 elapsed_s=32401.6
TRAIN epoch=5/8 image=12430/20000 applied=213500 loss=5.384763 elapsed_s=32448.9
TRAIN epoch=5/8 image=12535/20000 applied=213750 loss=1.725118 elapsed_s=32496.8
TRAIN epoch=5/8 image=12645/20000 applied=214000 loss=7.249319 elapsed_s=32545.1
TRAIN epoch=5/8 image=12750/20000 applied=214250 loss=3.547713 elapsed_s=32592.6
CHECKPOINT applied=214412 cursor={'epoch': 5, 'image_position': 12826, 'chunk_start': 4} reason=first_applied_or_timed
TRAIN epoch=5/8 image=12866/20000 applied=214500 loss=1.147349 elapsed_s=32641.5
TRAIN epoch=5/8 image=12976/20000 applied=214750 loss=2.490520 elapsed_s=32689.4
TRAIN epoch=5/8 image=13083/20000 applied=215000 loss=1.625447 elapsed_s=32736.9
TRAIN epoch=5/8 image=13192/20000 applied=215250 loss=3.984822 elapsed_s=32784.5
TRAIN epoch=5/8 image=13300/20000 applied=215500 loss=1.693279 elapsed_s=32832.2
TRAIN epoch=5/8 image=13410/20000 applied=215750 loss=4.636097 elapsed_s=32880.0
CHECKPOINT applied=215980 cursor={'epoch': 5, 'image_position': 13512, 'chunk_start': 4} reason=first_applied_or_timed
TRAIN epoch=5/8 image=13521/20000 applied=216000 loss=2.127987 elapsed_s=32928.6
TRAIN epoch=5/8 image=13628/20000 applied=216250 loss=0.989512 elapsed_s=32976.6
TRAIN epoch=5/8 image=13737/20000 applied=216500 loss=1.706199 elapsed_s=33024.8
TRAIN epoch=5/8 image=13847/20000 applied=216750 loss=5.661664 elapsed_s=33072.9
TRAIN epoch=5/8 image=13949/20000 applied=217000 loss=1.828504 elapsed_s=33122.3
TRAIN epoch=5/8 image=14061/20000 applied=217250 loss=1.912351 elapsed_s=33170.9
TRAIN epoch=5/8 image=14170/20000 applied=217500 loss=7.320608 elapsed_s=33219.1
CHECKPOINT applied=217531 cursor={'epoch': 5, 'image_position': 14183, 'chunk_start': 4} reason=first_applied_or_timed
TRAIN epoch=5/8 image=14276/20000 applied=217750 loss=13.466209 elapsed_s=33266.9
TRAIN epoch=5/8 image=14389/20000 applied=218000 loss=8.014218 elapsed_s=33315.2
TRAIN epoch=5/8 image=14498/20000 applied=218250 loss=2.352591 elapsed_s=33362.9
TRAIN epoch=5/8 image=14601/20000 applied=218500 loss=2.251642 elapsed_s=33410.1
TRAIN epoch=5/8 image=14710/20000 applied=218750 loss=1.588885 elapsed_s=33457.8
TRAIN epoch=5/8 image=14816/20000 applied=219000 loss=5.976455 elapsed_s=33505.1
CHECKPOINT applied=219107 cursor={'epoch': 5, 'image_position': 14862, 'chunk_start': 4} reason=first_applied_or_timed
TRAIN epoch=5/8 image=14922/20000 applied=219250 loss=0.805346 elapsed_s=33553.2
TRAIN epoch=5/8 image=15027/20000 applied=219500 loss=8.414339 elapsed_s=33600.0
TRAIN epoch=5/8 image=15144/20000 applied=219750 loss=1.988847 elapsed_s=33648.6
TRAIN epoch=5/8 image=15251/20000 applied=220000 loss=4.968359 elapsed_s=33696.6
TRAIN epoch=5/8 image=15365/20000 applied=220250 loss=3.361759 elapsed_s=33746.5
TRAIN epoch=5/8 image=15476/20000 applied=220500 loss=2.640826 elapsed_s=33794.6
CHECKPOINT applied=220664 cursor={'epoch': 5, 'image_position': 15547, 'chunk_start': 0} reason=first_applied_or_timed
TRAIN epoch=5/8 image=15584/20000 applied=220750 loss=4.035826 elapsed_s=33843.0
TRAIN epoch=5/8 image=15696/20000 applied=221000 loss=6.798055 elapsed_s=33891.3
TRAIN epoch=5/8 image=15806/20000 applied=221250 loss=1.718481 elapsed_s=33940.0
TRAIN epoch=5/8 image=15924/20000 applied=221500 loss=0.608689 elapsed_s=33988.5
TRAIN epoch=5/8 image=16035/20000 applied=221750 loss=1.818915 elapsed_s=34036.0
TRAIN epoch=5/8 image=16142/20000 applied=222000 loss=2.026833 elapsed_s=34083.4
CHECKPOINT applied=222229 cursor={'epoch': 5, 'image_position': 16241, 'chunk_start': 0} reason=first_applied_or_timed
TRAIN epoch=5/8 image=16250/20000 applied=222250 loss=0.977529 elapsed_s=34130.9
TRAIN epoch=5/8 image=16360/20000 applied=222500 loss=1.468729 elapsed_s=34178.5
TRAIN epoch=5/8 image=16469/20000 applied=222750 loss=6.406656 elapsed_s=34225.8
TRAIN epoch=5/8 image=16579/20000 applied=223000 loss=0.559505 elapsed_s=34273.6
TRAIN epoch=5/8 image=16682/20000 applied=223250 loss=1.417231 elapsed_s=34321.1
TRAIN epoch=5/8 image=16792/20000 applied=223500 loss=1.194649 elapsed_s=34369.5
TRAIN epoch=5/8 image=16898/20000 applied=223750 loss=1.548657 elapsed_s=34417.6
CHECKPOINT applied=223799 cursor={'epoch': 5, 'image_position': 16916, 'chunk_start': 4} reason=first_applied_or_timed
TRAIN epoch=5/8 image=17010/20000 applied=224000 loss=2.996187 elapsed_s=34466.0
TRAIN epoch=5/8 image=17121/20000 applied=224250 loss=3.734303 elapsed_s=34514.2
TRAIN epoch=5/8 image=17231/20000 applied=224500 loss=1.805654 elapsed_s=34562.2
TRAIN epoch=5/8 image=17338/20000 applied=224750 loss=2.350730 elapsed_s=34610.6
TRAIN epoch=5/8 image=17442/20000 applied=225000 loss=5.022977 elapsed_s=34658.4
TRAIN epoch=5/8 image=17557/20000 applied=225250 loss=1.851306 elapsed_s=34707.5
CHECKPOINT applied=225354 cursor={'epoch': 5, 'image_position': 17602, 'chunk_start': 4} reason=first_applied_or_timed
TRAIN epoch=5/8 image=17671/20000 applied=225500 loss=1.408086 elapsed_s=34755.8
TRAIN epoch=5/8 image=17777/20000 applied=225750 loss=8.551727 elapsed_s=34802.8
TRAIN epoch=5/8 image=17882/20000 applied=226000 loss=3.217961 elapsed_s=34850.2
TRAIN epoch=5/8 image=17990/20000 applied=226250 loss=3.147420 elapsed_s=34897.6
TRAIN epoch=5/8 image=18095/20000 applied=226500 loss=6.708225 elapsed_s=34944.9
TRAIN epoch=5/8 image=18203/20000 applied=226750 loss=1.951932 elapsed_s=34992.1
CHECKPOINT applied=226934 cursor={'epoch': 5, 'image_position': 18285, 'chunk_start': 0} reason=first_applied_or_timed
TRAIN epoch=5/8 image=18313/20000 applied=227000 loss=3.751683 elapsed_s=35040.9
TRAIN epoch=5/8 image=18420/20000 applied=227250 loss=3.111964 elapsed_s=35088.1
TRAIN epoch=5/8 image=18528/20000 applied=227500 loss=2.654603 elapsed_s=35136.6
TRAIN epoch=5/8 image=18635/20000 applied=227750 loss=1.887636 elapsed_s=35184.8
TRAIN epoch=5/8 image=18741/20000 applied=228000 loss=1.299986 elapsed_s=35233.0
TRAIN epoch=5/8 image=18845/20000 applied=228250 loss=0.737946 elapsed_s=35281.0
CHECKPOINT applied=228499 cursor={'epoch': 5, 'image_position': 18946, 'chunk_start': 0} reason=first_applied_or_timed
TRAIN epoch=5/8 image=18947/20000 applied=228500 loss=4.653452 elapsed_s=35329.4
TRAIN epoch=5/8 image=19058/20000 applied=228750 loss=5.397667 elapsed_s=35377.4
TRAIN epoch=5/8 image=19169/20000 applied=229000 loss=1.507189 elapsed_s=35425.5
TRAIN epoch=5/8 image=19278/20000 applied=229250 loss=1.170232 elapsed_s=35472.7
TRAIN epoch=5/8 image=19393/20000 applied=229500 loss=3.114560 elapsed_s=35520.3
TRAIN epoch=5/8 image=19505/20000 applied=229750 loss=7.281446 elapsed_s=35568.2
TRAIN epoch=5/8 image=19613/20000 applied=230000 loss=1.795258 elapsed_s=35615.8
CHECKPOINT applied=230068 cursor={'epoch': 5, 'image_position': 19643, 'chunk_start': 4} reason=first_applied_or_timed
TRAIN epoch=5/8 image=19717/20000 applied=230250 loss=1.952382 elapsed_s=35663.7
TRAIN epoch=5/8 image=19824/20000 applied=230500 loss=3.614872 elapsed_s=35711.4
TRAIN epoch=5/8 image=19934/20000 applied=230750 loss=3.419484 elapsed_s=35759.2
EPOCH_COMPLETE 5/8 images=20000 instances=167002 steps=46181 mean_loss=3.066799
{"run_id": "RUN_TRIFLOW_20K_EPOCH05_EVAL_S0", "exit_code": 0, "directory": "D:\\coco_wire\\experiments\\triflow_20k_training_20261007\\runs\\RUN_TRIFLOW_20K_EPOCH05_EVAL_S0"}
{"run_id": "RUN_TRIFLOW_20K_EPOCH05_READOUT_VERIFY_S0", "exit_code": 0, "directory": "D:\\coco_wire\\experiments\\triflow_20k_training_20261007\\runs\\RUN_TRIFLOW_20K_EPOCH05_READOUT_VERIFY_S0"}
EPOCH_OBSERVATION_COMPLETE epoch=5 eval=RUN_TRIFLOW_20K_EPOCH05_EVAL_S0 parent_state_exact=True
CHECKPOINT applied=230905 cursor={'epoch': 6, 'image_position': 0, 'chunk_start': 0} reason=epoch_boundary
TRAIN epoch=6/8 image=1/20000 applied=230906 loss=2.438305 elapsed_s=40515.4
TRAIN epoch=6/8 image=45/20000 applied=231000 loss=2.418256 elapsed_s=40533.9
TRAIN epoch=6/8 image=148/20000 applied=231250 loss=0.985642 elapsed_s=40582.4
TRAIN epoch=6/8 image=256/20000 applied=231500 loss=1.590728 elapsed_s=40631.5
TRAIN epoch=6/8 image=363/20000 applied=231750 loss=0.517918 elapsed_s=40680.0
TRAIN epoch=6/8 image=470/20000 applied=232000 loss=1.088482 elapsed_s=40728.9
TRAIN epoch=6/8 image=582/20000 applied=232250 loss=2.340675 elapsed_s=40777.6
CHECKPOINT applied=232442 cursor={'epoch': 6, 'image_position': 664, 'chunk_start': 0} reason=first_applied_or_timed
TRAIN epoch=6/8 image=688/20000 applied=232500 loss=2.245213 elapsed_s=40826.5
TRAIN epoch=6/8 image=797/20000 applied=232750 loss=1.920233 elapsed_s=40874.9
TRAIN epoch=6/8 image=904/20000 applied=233000 loss=0.849837 elapsed_s=40922.4
TRAIN epoch=6/8 image=1010/20000 applied=233250 loss=2.080984 elapsed_s=40970.1
TRAIN epoch=6/8 image=1114/20000 applied=233500 loss=2.419836 elapsed_s=41018.0
TRAIN epoch=6/8 image=1222/20000 applied=233750 loss=1.749605 elapsed_s=41065.8
TRAIN epoch=6/8 image=1322/20000 applied=234000 loss=1.887336 elapsed_s=41112.8
CHECKPOINT applied=234014 cursor={'epoch': 6, 'image_position': 1327, 'chunk_start': 4} reason=first_applied_or_timed
TRAIN epoch=6/8 image=1435/20000 applied=234250 loss=1.991078 elapsed_s=41161.5
TRAIN epoch=6/8 image=1540/20000 applied=234500 loss=1.525726 elapsed_s=41209.2
TRAIN epoch=6/8 image=1649/20000 applied=234750 loss=1.211112 elapsed_s=41257.4
TRAIN epoch=6/8 image=1758/20000 applied=235000 loss=1.220592 elapsed_s=41305.6
TRAIN epoch=6/8 image=1865/20000 applied=235250 loss=4.996656 elapsed_s=41354.1
TRAIN epoch=6/8 image=1965/20000 applied=235500 loss=2.341191 elapsed_s=41402.0
CHECKPOINT applied=235570 cursor={'epoch': 6, 'image_position': 1993, 'chunk_start': 4} reason=first_applied_or_timed
TRAIN epoch=6/8 image=2072/20000 applied=235750 loss=0.769716 elapsed_s=41450.6
TRAIN epoch=6/8 image=2178/20000 applied=236000 loss=7.300256 elapsed_s=41498.7
TRAIN epoch=6/8 image=2294/20000 applied=236250 loss=1.956081 elapsed_s=41547.7
TRAIN epoch=6/8 image=2406/20000 applied=236500 loss=2.786983 elapsed_s=41596.6
TRAIN epoch=6/8 image=2513/20000 applied=236750 loss=2.608397 elapsed_s=41644.6
TRAIN epoch=6/8 image=2621/20000 applied=237000 loss=1.900934 elapsed_s=41693.0
CHECKPOINT applied=237121 cursor={'epoch': 6, 'image_position': 2672, 'chunk_start': 8} reason=first_applied_or_timed
TRAIN epoch=6/8 image=2726/20000 applied=237250 loss=1.584606 elapsed_s=41741.5
TRAIN epoch=6/8 image=2834/20000 applied=237500 loss=1.875427 elapsed_s=41790.3
TRAIN epoch=6/8 image=2939/20000 applied=237750 loss=2.037452 elapsed_s=41838.0
TRAIN epoch=6/8 image=3044/20000 applied=238000 loss=3.435772 elapsed_s=41885.9
TRAIN epoch=6/8 image=3152/20000 applied=238250 loss=1.652181 elapsed_s=41933.9
TRAIN epoch=6/8 image=3260/20000 applied=238500 loss=1.563916 elapsed_s=41982.2
CHECKPOINT applied=238679 cursor={'epoch': 6, 'image_position': 3335, 'chunk_start': 4} reason=first_applied_or_timed
TRAIN epoch=6/8 image=3363/20000 applied=238750 loss=1.549303 elapsed_s=42030.2
TRAIN epoch=6/8 image=3462/20000 applied=239000 loss=4.353926 elapsed_s=42077.7
TRAIN epoch=6/8 image=3571/20000 applied=239250 loss=2.194080 elapsed_s=42126.5
TRAIN epoch=6/8 image=3680/20000 applied=239500 loss=1.851821 elapsed_s=42174.9
TRAIN epoch=6/8 image=3786/20000 applied=239750 loss=4.521427 elapsed_s=42223.0
TRAIN epoch=6/8 image=3893/20000 applied=240000 loss=3.005850 elapsed_s=42271.3
CHECKPOINT applied=240236 cursor={'epoch': 6, 'image_position': 3997, 'chunk_start': 4} reason=first_applied_or_timed
TRAIN epoch=6/8 image=4004/20000 applied=240250 loss=4.072132 elapsed_s=42320.2
TRAIN epoch=6/8 image=4114/20000 applied=240500 loss=2.385471 elapsed_s=42368.9
TRAIN epoch=6/8 image=4219/20000 applied=240750 loss=6.368442 elapsed_s=42417.1
TRAIN epoch=6/8 image=4329/20000 applied=241000 loss=3.299373 elapsed_s=42465.4
TRAIN epoch=6/8 image=4438/20000 applied=241250 loss=1.939112 elapsed_s=42513.8
TRAIN epoch=6/8 image=4553/20000 applied=241500 loss=1.327547 elapsed_s=42562.8
TRAIN epoch=6/8 image=4663/20000 applied=241750 loss=1.525243 elapsed_s=42610.8
CHECKPOINT applied=241786 cursor={'epoch': 6, 'image_position': 4679, 'chunk_start': 0} reason=first_applied_or_timed
TRAIN epoch=6/8 image=4775/20000 applied=242000 loss=0.981987 elapsed_s=42659.1
TRAIN epoch=6/8 image=4881/20000 applied=242250 loss=1.521272 elapsed_s=42706.9
TRAIN epoch=6/8 image=4986/20000 applied=242500 loss=2.682599 elapsed_s=42755.3
TRAIN epoch=6/8 image=5092/20000 applied=242750 loss=4.422255 elapsed_s=42803.8
TRAIN epoch=6/8 image=5203/20000 applied=243000 loss=3.466830 elapsed_s=42853.0
TRAIN epoch=6/8 image=5307/20000 applied=243250 loss=8.193556 elapsed_s=42900.5
CHECKPOINT applied=243340 cursor={'epoch': 6, 'image_position': 5344, 'chunk_start': 8} reason=first_applied_or_timed
TRAIN epoch=6/8 image=5413/20000 applied=243500 loss=2.625838 elapsed_s=42949.6
TRAIN epoch=6/8 image=5521/20000 applied=243750 loss=1.178316 elapsed_s=42998.4
TRAIN epoch=6/8 image=5635/20000 applied=244000 loss=1.519355 elapsed_s=43047.1
TRAIN epoch=6/8 image=5752/20000 applied=244250 loss=1.820813 elapsed_s=43095.8
TRAIN epoch=6/8 image=5855/20000 applied=244500 loss=1.179521 elapsed_s=43143.2
TRAIN epoch=6/8 image=5961/20000 applied=244750 loss=0.740761 elapsed_s=43191.2
CHECKPOINT applied=244892 cursor={'epoch': 6, 'image_position': 6021, 'chunk_start': 4} reason=first_applied_or_timed
TRAIN epoch=6/8 image=6068/20000 applied=245000 loss=1.599317 elapsed_s=43239.6
TRAIN epoch=6/8 image=6180/20000 applied=245250 loss=1.562960 elapsed_s=43288.0
TRAIN epoch=6/8 image=6295/20000 applied=245500 loss=4.058559 elapsed_s=43335.8
TRAIN epoch=6/8 image=6404/20000 applied=245750 loss=4.945817 elapsed_s=43383.5
TRAIN epoch=6/8 image=6512/20000 applied=246000 loss=1.131382 elapsed_s=43431.0
TRAIN epoch=6/8 image=6623/20000 applied=246250 loss=6.091969 elapsed_s=43479.4
CHECKPOINT applied=246457 cursor={'epoch': 6, 'image_position': 6706, 'chunk_start': 0} reason=first_applied_or_timed
TRAIN epoch=6/8 image=6726/20000 applied=246500 loss=2.019511 elapsed_s=43528.1
TRAIN epoch=6/8 image=6835/20000 applied=246750 loss=2.791102 elapsed_s=43576.6
TRAIN epoch=6/8 image=6942/20000 applied=247000 loss=10.927279 elapsed_s=43625.3
TRAIN epoch=6/8 image=7051/20000 applied=247250 loss=3.089190 elapsed_s=43674.0
TRAIN epoch=6/8 image=7159/20000 applied=247500 loss=1.687860 elapsed_s=43722.9
TRAIN epoch=6/8 image=7269/20000 applied=247750 loss=1.182411 elapsed_s=43771.8
CHECKPOINT applied=247997 cursor={'epoch': 6, 'image_position': 7372, 'chunk_start': 0} reason=first_applied_or_timed
TRAIN epoch=6/8 image=7374/20000 applied=248000 loss=8.471034 elapsed_s=43820.6
TRAIN epoch=6/8 image=7484/20000 applied=248250 loss=2.716486 elapsed_s=43869.0
TRAIN epoch=6/8 image=7597/20000 applied=248500 loss=2.837199 elapsed_s=43916.8
TRAIN epoch=6/8 image=7703/20000 applied=248750 loss=3.543707 elapsed_s=43964.8
TRAIN epoch=6/8 image=7809/20000 applied=249000 loss=1.730180 elapsed_s=44013.0
TRAIN epoch=6/8 image=7917/20000 applied=249250 loss=1.321672 elapsed_s=44060.5
TRAIN epoch=6/8 image=8032/20000 applied=249500 loss=6.603870 elapsed_s=44109.4
CHECKPOINT applied=249557 cursor={'epoch': 6, 'image_position': 8056, 'chunk_start': 8} reason=first_applied_or_timed
TRAIN epoch=6/8 image=8141/20000 applied=249750 loss=4.584683 elapsed_s=44156.8
TRAIN epoch=6/8 image=8247/20000 applied=250000 loss=3.254731 elapsed_s=44205.7
TRAIN epoch=6/8 image=8360/20000 applied=250250 loss=9.965487 elapsed_s=44254.8
TRAIN epoch=6/8 image=8481/20000 applied=250500 loss=0.971897 elapsed_s=44304.1
TRAIN epoch=6/8 image=8585/20000 applied=250750 loss=1.873301 elapsed_s=44352.3
TRAIN epoch=6/8 image=8694/20000 applied=251000 loss=4.948302 elapsed_s=44400.5
CHECKPOINT applied=251103 cursor={'epoch': 6, 'image_position': 8740, 'chunk_start': 4} reason=first_applied_or_timed
TRAIN epoch=6/8 image=8806/20000 applied=251250 loss=2.889843 elapsed_s=44449.2
TRAIN epoch=6/8 image=8914/20000 applied=251500 loss=1.322356 elapsed_s=44497.1
TRAIN epoch=6/8 image=9026/20000 applied=251750 loss=8.792115 elapsed_s=44545.6
TRAIN epoch=6/8 image=9139/20000 applied=252000 loss=7.055709 elapsed_s=44593.8
TRAIN epoch=6/8 image=9253/20000 applied=252250 loss=6.272788 elapsed_s=44642.3
TRAIN epoch=6/8 image=9372/20000 applied=252500 loss=2.635898 elapsed_s=44691.0
CHECKPOINT applied=252657 cursor={'epoch': 6, 'image_position': 9440, 'chunk_start': 4} reason=first_applied_or_timed
TRAIN epoch=6/8 image=9482/20000 applied=252750 loss=1.391609 elapsed_s=44739.2
TRAIN epoch=6/8 image=9589/20000 applied=253000 loss=2.972058 elapsed_s=44786.8
TRAIN epoch=6/8 image=9697/20000 applied=253250 loss=3.210299 elapsed_s=44834.6
TRAIN epoch=6/8 image=9804/20000 applied=253500 loss=3.151163 elapsed_s=44882.4
TRAIN epoch=6/8 image=9912/20000 applied=253750 loss=2.032384 elapsed_s=44930.7
TRAIN epoch=6/8 image=10018/20000 applied=254000 loss=4.116409 elapsed_s=44978.9
CHECKPOINT applied=254222 cursor={'epoch': 6, 'image_position': 10111, 'chunk_start': 0} reason=first_applied_or_timed
TRAIN epoch=6/8 image=10124/20000 applied=254250 loss=1.537963 elapsed_s=45027.3
TRAIN epoch=6/8 image=10232/20000 applied=254500 loss=1.349810 elapsed_s=45076.0
TRAIN epoch=6/8 image=10342/20000 applied=254750 loss=2.409633 elapsed_s=45124.7
TRAIN epoch=6/8 image=10452/20000 applied=255000 loss=1.211322 elapsed_s=45173.4
TRAIN epoch=6/8 image=10566/20000 applied=255250 loss=1.390533 elapsed_s=45222.4
TRAIN epoch=6/8 image=10666/20000 applied=255500 loss=0.772942 elapsed_s=45270.1
TRAIN epoch=6/8 image=10780/20000 applied=255750 loss=2.573027 elapsed_s=45318.8
CHECKPOINT applied=255766 cursor={'epoch': 6, 'image_position': 10787, 'chunk_start': 4} reason=first_applied_or_timed
TRAIN epoch=6/8 image=10888/20000 applied=256000 loss=1.589242 elapsed_s=45367.4
TRAIN epoch=6/8 image=11000/20000 applied=256250 loss=2.576537 elapsed_s=45415.0
TRAIN epoch=6/8 image=11108/20000 applied=256500 loss=1.332445 elapsed_s=45463.0
TRAIN epoch=6/8 image=11208/20000 applied=256750 loss=2.558880 elapsed_s=45510.2
TRAIN epoch=6/8 image=11314/20000 applied=257000 loss=6.441743 elapsed_s=45558.0
TRAIN epoch=6/8 image=11423/20000 applied=257250 loss=1.742377 elapsed_s=45606.0
CHECKPOINT applied=257337 cursor={'epoch': 6, 'image_position': 11460, 'chunk_start': 8} reason=first_applied_or_timed
TRAIN epoch=6/8 image=11531/20000 applied=257500 loss=3.411970 elapsed_s=45654.2
TRAIN epoch=6/8 image=11640/20000 applied=257750 loss=1.044298 elapsed_s=45702.7
TRAIN epoch=6/8 image=11749/20000 applied=258000 loss=2.469108 elapsed_s=45751.0
TRAIN epoch=6/8 image=11857/20000 applied=258250 loss=2.870775 elapsed_s=45798.6
TRAIN epoch=6/8 image=11972/20000 applied=258500 loss=1.948399 elapsed_s=45847.3
TRAIN epoch=6/8 image=12076/20000 applied=258750 loss=4.238840 elapsed_s=45895.2
CHECKPOINT applied=258894 cursor={'epoch': 6, 'image_position': 12136, 'chunk_start': 4} reason=first_applied_or_timed
TRAIN epoch=6/8 image=12186/20000 applied=259000 loss=1.929203 elapsed_s=45943.9
TRAIN epoch=6/8 image=12295/20000 applied=259250 loss=3.058095 elapsed_s=45991.9
TRAIN epoch=6/8 image=12401/20000 applied=259500 loss=1.198266 elapsed_s=46039.6
TRAIN epoch=6/8 image=12512/20000 applied=259750 loss=1.889651 elapsed_s=46088.5
TRAIN epoch=6/8 image=12619/20000 applied=260000 loss=6.207547 elapsed_s=46136.4
TRAIN epoch=6/8 image=12723/20000 applied=260250 loss=5.508208 elapsed_s=46184.0
CHECKPOINT applied=260457 cursor={'epoch': 6, 'image_position': 12809, 'chunk_start': 4} reason=first_applied_or_timed
TRAIN epoch=6/8 image=12826/20000 applied=260500 loss=2.240218 elapsed_s=46231.8
TRAIN epoch=6/8 image=12933/20000 applied=260750 loss=1.334355 elapsed_s=46279.7
TRAIN epoch=6/8 image=13045/20000 applied=261000 loss=1.385036 elapsed_s=46327.8
TRAIN epoch=6/8 image=13150/20000 applied=261250 loss=2.004404 elapsed_s=46375.1
TRAIN epoch=6/8 image=13261/20000 applied=261500 loss=1.851142 elapsed_s=46423.8
TRAIN epoch=6/8 image=13380/20000 applied=261750 loss=3.199686 elapsed_s=46472.8
TRAIN epoch=6/8 image=13487/20000 applied=262000 loss=2.290808 elapsed_s=46520.7
CHECKPOINT applied=262018 cursor={'epoch': 6, 'image_position': 13492, 'chunk_start': 4} reason=first_applied_or_timed
TRAIN epoch=6/8 image=13587/20000 applied=262250 loss=1.909282 elapsed_s=46568.0
TRAIN epoch=6/8 image=13703/20000 applied=262500 loss=1.421676 elapsed_s=46617.0
TRAIN epoch=6/8 image=13813/20000 applied=262750 loss=3.640547 elapsed_s=46665.3
TRAIN epoch=6/8 image=13918/20000 applied=263000 loss=6.528364 elapsed_s=46713.3
TRAIN epoch=6/8 image=14027/20000 applied=263250 loss=3.592315 elapsed_s=46760.9
TRAIN epoch=6/8 image=14139/20000 applied=263500 loss=2.555081 elapsed_s=46809.2
CHECKPOINT applied=263581 cursor={'epoch': 6, 'image_position': 14172, 'chunk_start': 4} reason=first_applied_or_timed
TRAIN epoch=6/8 image=14242/20000 applied=263750 loss=3.039990 elapsed_s=46857.3
TRAIN epoch=6/8 image=14352/20000 applied=264000 loss=1.827892 elapsed_s=46904.7
TRAIN epoch=6/8 image=14460/20000 applied=264250 loss=4.941073 elapsed_s=46952.5
TRAIN epoch=6/8 image=14567/20000 applied=264500 loss=5.598999 elapsed_s=47000.1
TRAIN epoch=6/8 image=14672/20000 applied=264750 loss=2.939477 elapsed_s=47047.3
TRAIN epoch=6/8 image=14778/20000 applied=265000 loss=1.482285 elapsed_s=47095.6
CHECKPOINT applied=265153 cursor={'epoch': 6, 'image_position': 14842, 'chunk_start': 4} reason=first_applied_or_timed
TRAIN epoch=6/8 image=14883/20000 applied=265250 loss=2.371506 elapsed_s=47144.2
TRAIN epoch=6/8 image=14987/20000 applied=265500 loss=2.659028 elapsed_s=47192.2
TRAIN epoch=6/8 image=15097/20000 applied=265750 loss=2.052701 elapsed_s=47240.6
TRAIN epoch=6/8 image=15203/20000 applied=266000 loss=1.602074 elapsed_s=47288.9
TRAIN epoch=6/8 image=15316/20000 applied=266250 loss=1.349387 elapsed_s=47337.7
TRAIN epoch=6/8 image=15426/20000 applied=266500 loss=1.638433 elapsed_s=47386.6
CHECKPOINT applied=266701 cursor={'epoch': 6, 'image_position': 15511, 'chunk_start': 4} reason=first_applied_or_timed
TRAIN epoch=6/8 image=15532/20000 applied=266750 loss=1.884063 elapsed_s=47435.2
TRAIN epoch=6/8 image=15644/20000 applied=267000 loss=3.761474 elapsed_s=47483.1
TRAIN epoch=6/8 image=15754/20000 applied=267250 loss=1.226708 elapsed_s=47530.7
TRAIN epoch=6/8 image=15869/20000 applied=267500 loss=1.495979 elapsed_s=47579.1
TRAIN epoch=6/8 image=15972/20000 applied=267750 loss=2.594726 elapsed_s=47627.1
TRAIN epoch=6/8 image=16074/20000 applied=268000 loss=4.474936 elapsed_s=47674.8
TRAIN epoch=6/8 image=16181/20000 applied=268250 loss=3.605293 elapsed_s=47722.9
CHECKPOINT applied=268270 cursor={'epoch': 6, 'image_position': 16188, 'chunk_start': 4} reason=first_applied_or_timed
TRAIN epoch=6/8 image=16286/20000 applied=268500 loss=0.718563 elapsed_s=47770.9
TRAIN epoch=6/8 image=16396/20000 applied=268750 loss=7.030447 elapsed_s=47819.1
TRAIN epoch=6/8 image=16501/20000 applied=269000 loss=1.029289 elapsed_s=47867.2
TRAIN epoch=6/8 image=16614/20000 applied=269250 loss=1.398265 elapsed_s=47915.9
TRAIN epoch=6/8 image=16716/20000 applied=269500 loss=3.585645 elapsed_s=47963.9
TRAIN epoch=6/8 image=16826/20000 applied=269750 loss=1.739100 elapsed_s=48012.4
CHECKPOINT applied=269826 cursor={'epoch': 6, 'image_position': 16861, 'chunk_start': 0} reason=first_applied_or_timed
TRAIN epoch=6/8 image=16939/20000 applied=270000 loss=1.502004 elapsed_s=48061.2
TRAIN epoch=6/8 image=17044/20000 applied=270250 loss=4.709659 elapsed_s=48108.7
TRAIN epoch=6/8 image=17157/20000 applied=270500 loss=2.208851 elapsed_s=48157.2
TRAIN epoch=6/8 image=17259/20000 applied=270750 loss=4.278738 elapsed_s=48204.0
TRAIN epoch=6/8 image=17359/20000 applied=271000 loss=1.661368 elapsed_s=48250.2
TRAIN epoch=6/8 image=17471/20000 applied=271250 loss=2.012768 elapsed_s=48297.9
CHECKPOINT applied=271406 cursor={'epoch': 6, 'image_position': 17534, 'chunk_start': 4} reason=first_applied_or_timed
TRAIN epoch=6/8 image=17572/20000 applied=271500 loss=4.962384 elapsed_s=48345.1
TRAIN epoch=6/8 image=17686/20000 applied=271750 loss=1.982338 elapsed_s=48393.2
TRAIN epoch=6/8 image=17794/20000 applied=272000 loss=2.612047 elapsed_s=48440.7
TRAIN epoch=6/8 image=17903/20000 applied=272250 loss=1.540123 elapsed_s=48488.8
TRAIN epoch=6/8 image=18013/20000 applied=272500 loss=1.614381 elapsed_s=48536.9
TRAIN epoch=6/8 image=18118/20000 applied=272750 loss=4.047779 elapsed_s=48584.7
CHECKPOINT applied=272975 cursor={'epoch': 6, 'image_position': 18216, 'chunk_start': 8} reason=first_applied_or_timed
TRAIN epoch=6/8 image=18226/20000 applied=273000 loss=1.813737 elapsed_s=48633.0
TRAIN epoch=6/8 image=18332/20000 applied=273250 loss=2.106910 elapsed_s=48680.8
TRAIN epoch=6/8 image=18441/20000 applied=273500 loss=3.979792 elapsed_s=48729.2
TRAIN epoch=6/8 image=18551/20000 applied=273750 loss=0.940973 elapsed_s=48777.7
TRAIN epoch=6/8 image=18660/20000 applied=274000 loss=1.232709 elapsed_s=48826.0
TRAIN epoch=6/8 image=18766/20000 applied=274250 loss=3.612293 elapsed_s=48874.4
TRAIN epoch=6/8 image=18876/20000 applied=274500 loss=1.553509 elapsed_s=48922.5
CHECKPOINT applied=274532 cursor={'epoch': 6, 'image_position': 18891, 'chunk_start': 0} reason=first_applied_or_timed
TRAIN epoch=6/8 image=18989/20000 applied=274750 loss=3.238738 elapsed_s=48970.8
TRAIN epoch=6/8 image=19100/20000 applied=275000 loss=1.224360 elapsed_s=49018.1
TRAIN epoch=6/8 image=19209/20000 applied=275250 loss=7.771728 elapsed_s=49066.1
TRAIN epoch=6/8 image=19322/20000 applied=275500 loss=1.759015 elapsed_s=49114.5
TRAIN epoch=6/8 image=19428/20000 applied=275750 loss=1.500836 elapsed_s=49162.0
TRAIN epoch=6/8 image=19529/20000 applied=276000 loss=1.290199 elapsed_s=49209.9
CHECKPOINT applied=276100 cursor={'epoch': 6, 'image_position': 19571, 'chunk_start': 4} reason=first_applied_or_timed
TRAIN epoch=6/8 image=19641/20000 applied=276250 loss=1.663634 elapsed_s=49259.0
TRAIN epoch=6/8 image=19745/20000 applied=276500 loss=1.858462 elapsed_s=49306.9
TRAIN epoch=6/8 image=19853/20000 applied=276750 loss=1.815273 elapsed_s=49354.7
TRAIN epoch=6/8 image=19960/20000 applied=277000 loss=1.345284 elapsed_s=49402.4
EPOCH_COMPLETE 6/8 images=20000 instances=167002 steps=46181 mean_loss=3.035811
{"run_id": "RUN_TRIFLOW_20K_EPOCH06_EVAL_S0", "exit_code": 0, "directory": "D:\\coco_wire\\experiments\\triflow_20k_training_20261007\\runs\\RUN_TRIFLOW_20K_EPOCH06_EVAL_S0"}
{"run_id": "RUN_TRIFLOW_20K_EPOCH06_READOUT_VERIFY_S0", "exit_code": 0, "directory": "D:\\coco_wire\\experiments\\triflow_20k_training_20261007\\runs\\RUN_TRIFLOW_20K_EPOCH06_READOUT_VERIFY_S0"}
EPOCH_OBSERVATION_COMPLETE epoch=6 eval=RUN_TRIFLOW_20K_EPOCH06_EVAL_S0 parent_state_exact=True
CHECKPOINT applied=277086 cursor={'epoch': 7, 'image_position': 0, 'chunk_start': 0} reason=epoch_boundary
TRAIN epoch=7/8 image=1/20000 applied=277087 loss=6.657827 elapsed_s=54157.4
TRAIN epoch=7/8 image=72/20000 applied=277250 loss=1.101280 elapsed_s=54188.6
TRAIN epoch=7/8 image=180/20000 applied=277500 loss=2.360146 elapsed_s=54236.3
TRAIN epoch=7/8 image=287/20000 applied=277750 loss=2.343404 elapsed_s=54283.9
TRAIN epoch=7/8 image=400/20000 applied=278000 loss=1.021445 elapsed_s=54331.5
TRAIN epoch=7/8 image=508/20000 applied=278250 loss=1.653910 elapsed_s=54379.2
TRAIN epoch=7/8 image=615/20000 applied=278500 loss=1.027466 elapsed_s=54426.9
CHECKPOINT applied=278659 cursor={'epoch': 7, 'image_position': 682, 'chunk_start': 8} reason=first_applied_or_timed
TRAIN epoch=7/8 image=721/20000 applied=278750 loss=2.836187 elapsed_s=54474.5
TRAIN epoch=7/8 image=828/20000 applied=279000 loss=2.903196 elapsed_s=54522.1
TRAIN epoch=7/8 image=941/20000 applied=279250 loss=1.862265 elapsed_s=54570.1
TRAIN epoch=7/8 image=1051/20000 applied=279500 loss=5.631469 elapsed_s=54618.2
TRAIN epoch=7/8 image=1161/20000 applied=279750 loss=10.794787 elapsed_s=54667.0
TRAIN epoch=7/8 image=1268/20000 applied=280000 loss=2.019335 elapsed_s=54714.7
CHECKPOINT applied=280222 cursor={'epoch': 7, 'image_position': 1358, 'chunk_start': 4} reason=first_applied_or_timed
TRAIN epoch=7/8 image=1372/20000 applied=280250 loss=2.468632 elapsed_s=54763.3
TRAIN epoch=7/8 image=1484/20000 applied=280500 loss=3.823754 elapsed_s=54811.3
TRAIN epoch=7/8 image=1592/20000 applied=280750 loss=2.714811 elapsed_s=54859.4
TRAIN epoch=7/8 image=1696/20000 applied=281000 loss=1.088810 elapsed_s=54907.5
TRAIN epoch=7/8 image=1802/20000 applied=281250 loss=1.652255 elapsed_s=54955.3
TRAIN epoch=7/8 image=1915/20000 applied=281500 loss=0.974443 elapsed_s=55004.3
TRAIN epoch=7/8 image=2026/20000 applied=281750 loss=2.002901 elapsed_s=55052.3
CHECKPOINT applied=281780 cursor={'epoch': 7, 'image_position': 2038, 'chunk_start': 8} reason=first_applied_or_timed
TRAIN epoch=7/8 image=2140/20000 applied=282000 loss=3.938113 elapsed_s=55100.9
TRAIN epoch=7/8 image=2251/20000 applied=282250 loss=1.792444 elapsed_s=55149.0
TRAIN epoch=7/8 image=2360/20000 applied=282500 loss=2.128183 elapsed_s=55196.7
TRAIN epoch=7/8 image=2467/20000 applied=282750 loss=1.160156 elapsed_s=55244.2
TRAIN epoch=7/8 image=2571/20000 applied=283000 loss=2.746817 elapsed_s=55291.5
TRAIN epoch=7/8 image=2681/20000 applied=283250 loss=1.647427 elapsed_s=55339.4
CHECKPOINT applied=283351 cursor={'epoch': 7, 'image_position': 2723, 'chunk_start': 8} reason=first_applied_or_timed
TRAIN epoch=7/8 image=2790/20000 applied=283500 loss=6.383415 elapsed_s=55387.5
TRAIN epoch=7/8 image=2900/20000 applied=283750 loss=2.145565 elapsed_s=55435.6
TRAIN epoch=7/8 image=3016/20000 applied=284000 loss=2.180034 elapsed_s=55484.6
TRAIN epoch=7/8 image=3119/20000 applied=284250 loss=6.678352 elapsed_s=55532.2
TRAIN epoch=7/8 image=3226/20000 applied=284500 loss=1.909874 elapsed_s=55580.1
TRAIN epoch=7/8 image=3331/20000 applied=284750 loss=2.361999 elapsed_s=55628.1
CHECKPOINT applied=284909 cursor={'epoch': 7, 'image_position': 3400, 'chunk_start': 4} reason=first_applied_or_timed
TRAIN epoch=7/8 image=3438/20000 applied=285000 loss=2.816569 elapsed_s=55676.9
TRAIN epoch=7/8 image=3549/20000 applied=285250 loss=1.569463 elapsed_s=55726.2
TRAIN epoch=7/8 image=3653/20000 applied=285500 loss=2.556453 elapsed_s=55773.5
TRAIN epoch=7/8 image=3761/20000 applied=285750 loss=1.684014 elapsed_s=55820.7
TRAIN epoch=7/8 image=3869/20000 applied=286000 loss=1.966012 elapsed_s=55868.6
TRAIN epoch=7/8 image=3974/20000 applied=286250 loss=1.877834 elapsed_s=55915.9
CHECKPOINT applied=286478 cursor={'epoch': 7, 'image_position': 4074, 'chunk_start': 0} reason=first_applied_or_timed
TRAIN epoch=7/8 image=4083/20000 applied=286500 loss=1.940246 elapsed_s=55964.3
TRAIN epoch=7/8 image=4191/20000 applied=286750 loss=1.942448 elapsed_s=56012.4
TRAIN epoch=7/8 image=4307/20000 applied=287000 loss=2.784179 elapsed_s=56060.6
TRAIN epoch=7/8 image=4418/20000 applied=287250 loss=3.650474 elapsed_s=56108.9
TRAIN epoch=7/8 image=4526/20000 applied=287500 loss=1.800569 elapsed_s=56156.8
TRAIN epoch=7/8 image=4629/20000 applied=287750 loss=3.020862 elapsed_s=56204.4
TRAIN epoch=7/8 image=4727/20000 applied=288000 loss=2.776551 elapsed_s=56251.5
CHECKPOINT applied=288043 cursor={'epoch': 7, 'image_position': 4748, 'chunk_start': 4} reason=first_applied_or_timed
TRAIN epoch=7/8 image=4844/20000 applied=288250 loss=2.566526 elapsed_s=56301.4
TRAIN epoch=7/8 image=4953/20000 applied=288500 loss=5.593802 elapsed_s=56349.3
TRAIN epoch=7/8 image=5069/20000 applied=288750 loss=3.730313 elapsed_s=56398.7
TRAIN epoch=7/8 image=5173/20000 applied=289000 loss=1.605808 elapsed_s=56446.2
TRAIN epoch=7/8 image=5284/20000 applied=289250 loss=5.641545 elapsed_s=56494.5
TRAIN epoch=7/8 image=5389/20000 applied=289500 loss=2.494019 elapsed_s=56542.1
CHECKPOINT applied=289599 cursor={'epoch': 7, 'image_position': 5427, 'chunk_start': 0} reason=first_applied_or_timed
TRAIN epoch=7/8 image=5496/20000 applied=289750 loss=2.051561 elapsed_s=56590.1
TRAIN epoch=7/8 image=5603/20000 applied=290000 loss=0.685049 elapsed_s=56637.7
TRAIN epoch=7/8 image=5710/20000 applied=290250 loss=2.527220 elapsed_s=56684.4
TRAIN epoch=7/8 image=5820/20000 applied=290500 loss=5.176653 elapsed_s=56732.6
TRAIN epoch=7/8 image=5932/20000 applied=290750 loss=1.308790 elapsed_s=56780.5
TRAIN epoch=7/8 image=6042/20000 applied=291000 loss=0.410809 elapsed_s=56828.1
CHECKPOINT applied=291175 cursor={'epoch': 7, 'image_position': 6116, 'chunk_start': 0} reason=first_applied_or_timed
TRAIN epoch=7/8 image=6147/20000 applied=291250 loss=1.866464 elapsed_s=56876.4
TRAIN epoch=7/8 image=6251/20000 applied=291500 loss=7.172763 elapsed_s=56924.3
TRAIN epoch=7/8 image=6362/20000 applied=291750 loss=0.970199 elapsed_s=56972.5
TRAIN epoch=7/8 image=6469/20000 applied=292000 loss=4.155860 elapsed_s=57020.9
TRAIN epoch=7/8 image=6575/20000 applied=292250 loss=3.677476 elapsed_s=57068.7
TRAIN epoch=7/8 image=6683/20000 applied=292500 loss=2.926245 elapsed_s=57117.6
CHECKPOINT applied=292733 cursor={'epoch': 7, 'image_position': 6777, 'chunk_start': 4} reason=first_applied_or_timed
TRAIN epoch=7/8 image=6786/20000 applied=292750 loss=1.484116 elapsed_s=57165.6
TRAIN epoch=7/8 image=6888/20000 applied=293000 loss=1.395850 elapsed_s=57212.6
TRAIN epoch=7/8 image=6991/20000 applied=293250 loss=9.775729 elapsed_s=57259.7
TRAIN epoch=7/8 image=7104/20000 applied=293500 loss=3.662060 elapsed_s=57307.2
TRAIN epoch=7/8 image=7225/20000 applied=293750 loss=1.823407 elapsed_s=57355.6
TRAIN epoch=7/8 image=7333/20000 applied=294000 loss=4.327048 elapsed_s=57403.2
TRAIN epoch=7/8 image=7444/20000 applied=294250 loss=2.561866 elapsed_s=57450.6
CHECKPOINT applied=294313 cursor={'epoch': 7, 'image_position': 7469, 'chunk_start': 0} reason=first_applied_or_timed
TRAIN epoch=7/8 image=7551/20000 applied=294500 loss=2.361552 elapsed_s=57497.9
TRAIN epoch=7/8 image=7665/20000 applied=294750 loss=1.882521 elapsed_s=57545.9
TRAIN epoch=7/8 image=7771/20000 applied=295000 loss=4.960931 elapsed_s=57593.7
TRAIN epoch=7/8 image=7875/20000 applied=295250 loss=1.634360 elapsed_s=57641.8
TRAIN epoch=7/8 image=7980/20000 applied=295500 loss=2.135575 elapsed_s=57690.2
TRAIN epoch=7/8 image=8090/20000 applied=295750 loss=2.513697 elapsed_s=57738.6
CHECKPOINT applied=295880 cursor={'epoch': 7, 'image_position': 8141, 'chunk_start': 0} reason=first_applied_or_timed
TRAIN epoch=7/8 image=8196/20000 applied=296000 loss=2.417848 elapsed_s=57786.4
TRAIN epoch=7/8 image=8308/20000 applied=296250 loss=1.449111 elapsed_s=57834.7
TRAIN epoch=7/8 image=8415/20000 applied=296500 loss=1.321541 elapsed_s=57882.6
TRAIN epoch=7/8 image=8534/20000 applied=296750 loss=4.565327 elapsed_s=57931.2
TRAIN epoch=7/8 image=8641/20000 applied=297000 loss=1.663516 elapsed_s=57978.4
TRAIN epoch=7/8 image=8750/20000 applied=297250 loss=2.832166 elapsed_s=58025.9
CHECKPOINT applied=297445 cursor={'epoch': 7, 'image_position': 8832, 'chunk_start': 4} reason=first_applied_or_timed
TRAIN epoch=7/8 image=8856/20000 applied=297500 loss=4.407838 elapsed_s=58074.4
TRAIN epoch=7/8 image=8967/20000 applied=297750 loss=4.686316 elapsed_s=58122.1
TRAIN epoch=7/8 image=9076/20000 applied=298000 loss=0.927740 elapsed_s=58169.7
TRAIN epoch=7/8 image=9188/20000 applied=298250 loss=3.166950 elapsed_s=58217.2
TRAIN epoch=7/8 image=9292/20000 applied=298500 loss=1.429621 elapsed_s=58264.5
TRAIN epoch=7/8 image=9397/20000 applied=298750 loss=6.476751 elapsed_s=58311.9
TRAIN epoch=7/8 image=9507/20000 applied=299000 loss=4.538240 elapsed_s=58360.4
CHECKPOINT applied=299019 cursor={'epoch': 7, 'image_position': 9513, 'chunk_start': 8} reason=first_applied_or_timed
TRAIN epoch=7/8 image=9608/20000 applied=299250 loss=4.954361 elapsed_s=58408.3
TRAIN epoch=7/8 image=9711/20000 applied=299500 loss=3.229219 elapsed_s=58455.8
TRAIN epoch=7/8 image=9817/20000 applied=299750 loss=1.185761 elapsed_s=58503.7
TRAIN epoch=7/8 image=9922/20000 applied=300000 loss=1.810726 elapsed_s=58551.7
TRAIN epoch=7/8 image=10033/20000 applied=300250 loss=4.357277 elapsed_s=58600.1
TRAIN epoch=7/8 image=10140/20000 applied=300500 loss=1.691830 elapsed_s=58647.8
CHECKPOINT applied=300585 cursor={'epoch': 7, 'image_position': 10177, 'chunk_start': 4} reason=first_applied_or_timed
TRAIN epoch=7/8 image=10249/20000 applied=300750 loss=2.059099 elapsed_s=58695.9
TRAIN epoch=7/8 image=10363/20000 applied=301000 loss=2.924815 elapsed_s=58744.1
TRAIN epoch=7/8 image=10471/20000 applied=301250 loss=8.150141 elapsed_s=58792.1
TRAIN epoch=7/8 image=10583/20000 applied=301500 loss=0.568846 elapsed_s=58840.5
TRAIN epoch=7/8 image=10698/20000 applied=301750 loss=1.873518 elapsed_s=58889.1
TRAIN epoch=7/8 image=10810/20000 applied=302000 loss=4.000351 elapsed_s=58936.9
CHECKPOINT applied=302143 cursor={'epoch': 7, 'image_position': 10876, 'chunk_start': 4} reason=first_applied_or_timed
TRAIN epoch=7/8 image=10925/20000 applied=302250 loss=1.063452 elapsed_s=58985.6
TRAIN epoch=7/8 image=11024/20000 applied=302500 loss=2.931575 elapsed_s=59032.5
TRAIN epoch=7/8 image=11135/20000 applied=302750 loss=1.567731 elapsed_s=59080.8
TRAIN epoch=7/8 image=11241/20000 applied=303000 loss=1.773722 elapsed_s=59128.7
TRAIN epoch=7/8 image=11342/20000 applied=303250 loss=1.790418 elapsed_s=59176.0
TRAIN epoch=7/8 image=11447/20000 applied=303500 loss=6.220582 elapsed_s=59223.6
CHECKPOINT applied=303722 cursor={'epoch': 7, 'image_position': 11537, 'chunk_start': 4} reason=first_applied_or_timed
TRAIN epoch=7/8 image=11548/20000 applied=303750 loss=3.054070 elapsed_s=59271.2
TRAIN epoch=7/8 image=11658/20000 applied=304000 loss=2.149636 elapsed_s=59319.8
TRAIN epoch=7/8 image=11763/20000 applied=304250 loss=2.594317 elapsed_s=59368.1
TRAIN epoch=7/8 image=11869/20000 applied=304500 loss=5.779345 elapsed_s=59415.9
TRAIN epoch=7/8 image=11979/20000 applied=304750 loss=4.361131 elapsed_s=59463.7
TRAIN epoch=7/8 image=12092/20000 applied=305000 loss=1.702325 elapsed_s=59511.6
TRAIN epoch=7/8 image=12198/20000 applied=305250 loss=9.532397 elapsed_s=59559.4
CHECKPOINT applied=305285 cursor={'epoch': 7, 'image_position': 12211, 'chunk_start': 4} reason=first_applied_or_timed
TRAIN epoch=7/8 image=12300/20000 applied=305500 loss=2.007959 elapsed_s=59606.7
TRAIN epoch=7/8 image=12409/20000 applied=305750 loss=2.328198 elapsed_s=59654.2
TRAIN epoch=7/8 image=12517/20000 applied=306000 loss=4.757006 elapsed_s=59702.1
TRAIN epoch=7/8 image=12620/20000 applied=306250 loss=3.282600 elapsed_s=59749.6
TRAIN epoch=7/8 image=12726/20000 applied=306500 loss=1.472291 elapsed_s=59797.6
TRAIN epoch=7/8 image=12832/20000 applied=306750 loss=1.914316 elapsed_s=59845.0
CHECKPOINT applied=306862 cursor={'epoch': 7, 'image_position': 12882, 'chunk_start': 4} reason=first_applied_or_timed
TRAIN epoch=7/8 image=12943/20000 applied=307000 loss=1.323202 elapsed_s=59894.0
TRAIN epoch=7/8 image=13052/20000 applied=307250 loss=2.003881 elapsed_s=59942.0
TRAIN epoch=7/8 image=13159/20000 applied=307500 loss=4.682481 elapsed_s=59990.0
TRAIN epoch=7/8 image=13266/20000 applied=307750 loss=1.578972 elapsed_s=60037.7
TRAIN epoch=7/8 image=13373/20000 applied=308000 loss=3.355595 elapsed_s=60086.6
TRAIN epoch=7/8 image=13484/20000 applied=308250 loss=8.870034 elapsed_s=60134.9
CHECKPOINT applied=308420 cursor={'epoch': 7, 'image_position': 13558, 'chunk_start': 0} reason=first_applied_or_timed
TRAIN epoch=7/8 image=13597/20000 applied=308500 loss=2.910920 elapsed_s=60183.4
TRAIN epoch=7/8 image=13708/20000 applied=308750 loss=4.469687 elapsed_s=60230.8
TRAIN epoch=7/8 image=13822/20000 applied=309000 loss=1.186847 elapsed_s=60279.2
TRAIN epoch=7/8 image=13929/20000 applied=309250 loss=3.922171 elapsed_s=60326.6
TRAIN epoch=7/8 image=14039/20000 applied=309500 loss=1.925695 elapsed_s=60374.2
TRAIN epoch=7/8 image=14143/20000 applied=309750 loss=2.245155 elapsed_s=60421.5
CHECKPOINT applied=309991 cursor={'epoch': 7, 'image_position': 14245, 'chunk_start': 8} reason=first_applied_or_timed
TRAIN epoch=7/8 image=14249/20000 applied=310000 loss=3.422397 elapsed_s=60469.6
TRAIN epoch=7/8 image=14354/20000 applied=310250 loss=2.493464 elapsed_s=60517.2
TRAIN epoch=7/8 image=14466/20000 applied=310500 loss=1.452556 elapsed_s=60566.0
TRAIN epoch=7/8 image=14572/20000 applied=310750 loss=2.835849 elapsed_s=60614.2
TRAIN epoch=7/8 image=14678/20000 applied=311000 loss=2.903890 elapsed_s=60662.0
TRAIN epoch=7/8 image=14779/20000 applied=311250 loss=1.294387 elapsed_s=60712.2
TRAIN epoch=7/8 image=14886/20000 applied=311500 loss=2.747998 elapsed_s=60759.9
CHECKPOINT applied=311542 cursor={'epoch': 7, 'image_position': 14904, 'chunk_start': 8} reason=first_applied_or_timed
TRAIN epoch=7/8 image=14992/20000 applied=311750 loss=1.231680 elapsed_s=60808.7
TRAIN epoch=7/8 image=15103/20000 applied=312000 loss=6.514178 elapsed_s=60857.0
TRAIN epoch=7/8 image=15217/20000 applied=312250 loss=0.903853 elapsed_s=60905.2
TRAIN epoch=7/8 image=15330/20000 applied=312500 loss=6.004228 elapsed_s=60953.0
TRAIN epoch=7/8 image=15442/20000 applied=312750 loss=2.466274 elapsed_s=61001.0
TRAIN epoch=7/8 image=15546/20000 applied=313000 loss=7.929843 elapsed_s=61047.5
CHECKPOINT applied=313112 cursor={'epoch': 7, 'image_position': 15592, 'chunk_start': 0} reason=first_applied_or_timed
TRAIN epoch=7/8 image=15649/20000 applied=313250 loss=1.726414 elapsed_s=61095.1
TRAIN epoch=7/8 image=15757/20000 applied=313500 loss=2.164524 elapsed_s=61143.3
TRAIN epoch=7/8 image=15866/20000 applied=313750 loss=4.351441 elapsed_s=61191.3
TRAIN epoch=7/8 image=15980/20000 applied=314000 loss=5.159068 elapsed_s=61239.9
TRAIN epoch=7/8 image=16092/20000 applied=314250 loss=1.476040 elapsed_s=61289.0
TRAIN epoch=7/8 image=16198/20000 applied=314500 loss=3.042609 elapsed_s=61337.3
CHECKPOINT applied=314666 cursor={'epoch': 7, 'image_position': 16269, 'chunk_start': 8} reason=first_applied_or_timed
TRAIN epoch=7/8 image=16311/20000 applied=314750 loss=1.443249 elapsed_s=61385.6
TRAIN epoch=7/8 image=16418/20000 applied=315000 loss=1.627843 elapsed_s=61433.2
TRAIN epoch=7/8 image=16527/20000 applied=315250 loss=4.950803 elapsed_s=61481.2
TRAIN epoch=7/8 image=16637/20000 applied=315500 loss=1.752188 elapsed_s=61529.5
TRAIN epoch=7/8 image=16742/20000 applied=315750 loss=3.565026 elapsed_s=61576.9
TRAIN epoch=7/8 image=16847/20000 applied=316000 loss=2.454765 elapsed_s=61624.7
CHECKPOINT applied=316235 cursor={'epoch': 7, 'image_position': 16952, 'chunk_start': 4} reason=first_applied_or_timed
TRAIN epoch=7/8 image=16961/20000 applied=316250 loss=2.495625 elapsed_s=61672.8
TRAIN epoch=7/8 image=17073/20000 applied=316500 loss=4.825487 elapsed_s=61720.9
TRAIN epoch=7/8 image=17177/20000 applied=316750 loss=1.692820 elapsed_s=61768.0
TRAIN epoch=7/8 image=17280/20000 applied=317000 loss=2.284034 elapsed_s=61814.9
TRAIN epoch=7/8 image=17391/20000 applied=317250 loss=1.037126 elapsed_s=61862.7
TRAIN epoch=7/8 image=17501/20000 applied=317500 loss=1.759728 elapsed_s=61910.6
TRAIN epoch=7/8 image=17609/20000 applied=317750 loss=2.576545 elapsed_s=61958.6
CHECKPOINT applied=317810 cursor={'epoch': 7, 'image_position': 17630, 'chunk_start': 4} reason=first_applied_or_timed
TRAIN epoch=7/8 image=17713/20000 applied=318000 loss=2.301988 elapsed_s=62007.2
TRAIN epoch=7/8 image=17819/20000 applied=318250 loss=3.129386 elapsed_s=62055.6
TRAIN epoch=7/8 image=17921/20000 applied=318500 loss=1.423331 elapsed_s=62103.0
TRAIN epoch=7/8 image=18030/20000 applied=318750 loss=4.237161 elapsed_s=62151.3
TRAIN epoch=7/8 image=18135/20000 applied=319000 loss=2.336943 elapsed_s=62198.7
TRAIN epoch=7/8 image=18247/20000 applied=319250 loss=2.441067 elapsed_s=62247.1
CHECKPOINT applied=319373 cursor={'epoch': 7, 'image_position': 18299, 'chunk_start': 4} reason=first_applied_or_timed
TRAIN epoch=7/8 image=18354/20000 applied=319500 loss=4.702957 elapsed_s=62295.2
TRAIN epoch=7/8 image=18463/20000 applied=319750 loss=4.084405 elapsed_s=62343.3
TRAIN epoch=7/8 image=18573/20000 applied=320000 loss=1.535839 elapsed_s=62391.2
TRAIN epoch=7/8 image=18676/20000 applied=320250 loss=2.542608 elapsed_s=62438.7
TRAIN epoch=7/8 image=18788/20000 applied=320500 loss=1.531691 elapsed_s=62486.6
TRAIN epoch=7/8 image=18898/20000 applied=320750 loss=1.611227 elapsed_s=62534.2
CHECKPOINT applied=320941 cursor={'epoch': 7, 'image_position': 18985, 'chunk_start': 4} reason=first_applied_or_timed
TRAIN epoch=7/8 image=19008/20000 applied=321000 loss=1.999939 elapsed_s=62582.2
TRAIN epoch=7/8 image=19116/20000 applied=321250 loss=2.632632 elapsed_s=62629.5
TRAIN epoch=7/8 image=19230/20000 applied=321500 loss=0.779238 elapsed_s=62678.2
TRAIN epoch=7/8 image=19344/20000 applied=321750 loss=1.346499 elapsed_s=62727.1
TRAIN epoch=7/8 image=19454/20000 applied=322000 loss=5.017781 elapsed_s=62774.9
TRAIN epoch=7/8 image=19562/20000 applied=322250 loss=1.690323 elapsed_s=62823.0
CHECKPOINT applied=322499 cursor={'epoch': 7, 'image_position': 19678, 'chunk_start': 0} reason=first_applied_or_timed
TRAIN epoch=7/8 image=19679/20000 applied=322500 loss=1.567625 elapsed_s=62872.1
TRAIN epoch=7/8 image=19783/20000 applied=322750 loss=0.590067 elapsed_s=62919.5
TRAIN epoch=7/8 image=19885/20000 applied=323000 loss=3.517035 elapsed_s=62967.3
TRAIN epoch=7/8 image=19994/20000 applied=323250 loss=1.933435 elapsed_s=63014.8
EPOCH_COMPLETE 7/8 images=20000 instances=167002 steps=46181 mean_loss=3.015517
{"run_id": "RUN_TRIFLOW_20K_EPOCH07_EVAL_S0", "exit_code": 0, "directory": "D:\\coco_wire\\experiments\\triflow_20k_training_20261007\\runs\\RUN_TRIFLOW_20K_EPOCH07_EVAL_S0"}
{"run_id": "RUN_TRIFLOW_20K_EPOCH07_READOUT_VERIFY_S0", "exit_code": 0, "directory": "D:\\coco_wire\\experiments\\triflow_20k_training_20261007\\runs\\RUN_TRIFLOW_20K_EPOCH07_READOUT_VERIFY_S0"}
EPOCH_OBSERVATION_COMPLETE epoch=7 eval=RUN_TRIFLOW_20K_EPOCH07_EVAL_S0 parent_state_exact=True
CHECKPOINT applied=323267 cursor={'epoch': 8, 'image_position': 0, 'chunk_start': 0} reason=epoch_boundary
TRAIN epoch=8/8 image=1/20000 applied=323268 loss=5.966516 elapsed_s=67738.7
TRAIN epoch=8/8 image=102/20000 applied=323500 loss=3.869150 elapsed_s=67784.1
TRAIN epoch=8/8 image=206/20000 applied=323750 loss=2.196723 elapsed_s=67832.0
TRAIN epoch=8/8 image=315/20000 applied=324000 loss=2.442177 elapsed_s=67880.0
TRAIN epoch=8/8 image=423/20000 applied=324250 loss=6.246092 elapsed_s=67928.5
TRAIN epoch=8/8 image=530/20000 applied=324500 loss=1.202013 elapsed_s=67976.0
TRAIN epoch=8/8 image=636/20000 applied=324750 loss=2.953056 elapsed_s=68023.9
CHECKPOINT applied=324826 cursor={'epoch': 8, 'image_position': 667, 'chunk_start': 4} reason=first_applied_or_timed
TRAIN epoch=8/8 image=740/20000 applied=325000 loss=3.281131 elapsed_s=68071.8
TRAIN epoch=8/8 image=847/20000 applied=325250 loss=12.008401 elapsed_s=68119.1
TRAIN epoch=8/8 image=950/20000 applied=325500 loss=14.713127 elapsed_s=68166.3
TRAIN epoch=8/8 image=1054/20000 applied=325750 loss=3.277741 elapsed_s=68214.6
TRAIN epoch=8/8 image=1176/20000 applied=326000 loss=0.682247 elapsed_s=68264.2
TRAIN epoch=8/8 image=1290/20000 applied=326250 loss=3.356259 elapsed_s=68313.2
CHECKPOINT applied=326380 cursor={'epoch': 8, 'image_position': 1354, 'chunk_start': 0} reason=first_applied_or_timed
TRAIN epoch=8/8 image=1406/20000 applied=326500 loss=4.558545 elapsed_s=68362.8
TRAIN epoch=8/8 image=1509/20000 applied=326750 loss=2.866391 elapsed_s=68411.5
TRAIN epoch=8/8 image=1619/20000 applied=327000 loss=11.104292 elapsed_s=68460.0
TRAIN epoch=8/8 image=1725/20000 applied=327250 loss=1.078646 elapsed_s=68507.6
TRAIN epoch=8/8 image=1832/20000 applied=327500 loss=4.284173 elapsed_s=68555.1
TRAIN epoch=8/8 image=1944/20000 applied=327750 loss=1.836341 elapsed_s=68603.2
CHECKPOINT applied=327939 cursor={'epoch': 8, 'image_position': 2021, 'chunk_start': 4} reason=first_applied_or_timed
TRAIN epoch=8/8 image=2048/20000 applied=328000 loss=7.717199 elapsed_s=68651.0
TRAIN epoch=8/8 image=2155/20000 applied=328250 loss=10.439894 elapsed_s=68698.8
TRAIN epoch=8/8 image=2267/20000 applied=328500 loss=6.342016 elapsed_s=68747.1
TRAIN epoch=8/8 image=2375/20000 applied=328750 loss=3.011719 elapsed_s=68795.5
TRAIN epoch=8/8 image=2482/20000 applied=329000 loss=2.076742 elapsed_s=68843.2
TRAIN epoch=8/8 image=2586/20000 applied=329250 loss=4.358696 elapsed_s=68891.0
TRAIN epoch=8/8 image=2699/20000 applied=329500 loss=2.909766 elapsed_s=68939.4
CHECKPOINT applied=329501 cursor={'epoch': 8, 'image_position': 2699, 'chunk_start': 4} reason=first_applied_or_timed
TRAIN epoch=8/8 image=2801/20000 applied=329750 loss=2.454332 elapsed_s=68988.1
TRAIN epoch=8/8 image=2903/20000 applied=330000 loss=1.891559 elapsed_s=69036.0
TRAIN epoch=8/8 image=3012/20000 applied=330250 loss=4.757833 elapsed_s=69085.4
TRAIN epoch=8/8 image=3114/20000 applied=330500 loss=3.178012 elapsed_s=69133.0
TRAIN epoch=8/8 image=3220/20000 applied=330750 loss=1.646288 elapsed_s=69181.6
TRAIN epoch=8/8 image=3329/20000 applied=331000 loss=1.653099 elapsed_s=69230.6
CHECKPOINT applied=331052 cursor={'epoch': 8, 'image_position': 3347, 'chunk_start': 4} reason=first_applied_or_timed
TRAIN epoch=8/8 image=3440/20000 applied=331250 loss=4.243013 elapsed_s=69279.4
TRAIN epoch=8/8 image=3554/20000 applied=331500 loss=4.713006 elapsed_s=69327.6
TRAIN epoch=8/8 image=3657/20000 applied=331750 loss=2.436797 elapsed_s=69374.7
TRAIN epoch=8/8 image=3761/20000 applied=332000 loss=4.727305 elapsed_s=69422.8
TRAIN epoch=8/8 image=3866/20000 applied=332250 loss=2.374916 elapsed_s=69470.0
TRAIN epoch=8/8 image=3980/20000 applied=332500 loss=2.438598 elapsed_s=69517.9
CHECKPOINT applied=332620 cursor={'epoch': 8, 'image_position': 4034, 'chunk_start': 0} reason=first_applied_or_timed
TRAIN epoch=8/8 image=4090/20000 applied=332750 loss=1.758258 elapsed_s=69566.2
TRAIN epoch=8/8 image=4191/20000 applied=333000 loss=1.281098 elapsed_s=69614.0
TRAIN epoch=8/8 image=4299/20000 applied=333250 loss=3.324608 elapsed_s=69662.4
TRAIN epoch=8/8 image=4403/20000 applied=333500 loss=2.422539 elapsed_s=69710.7
TRAIN epoch=8/8 image=4510/20000 applied=333750 loss=2.722872 elapsed_s=69758.9
TRAIN epoch=8/8 image=4615/20000 applied=334000 loss=1.161340 elapsed_s=69807.0
CHECKPOINT applied=334175 cursor={'epoch': 8, 'image_position': 4689, 'chunk_start': 4} reason=first_applied_or_timed
TRAIN epoch=8/8 image=4723/20000 applied=334250 loss=0.997630 elapsed_s=69856.1
TRAIN epoch=8/8 image=4826/20000 applied=334500 loss=1.642153 elapsed_s=69903.6
TRAIN epoch=8/8 image=4933/20000 applied=334750 loss=1.107011 elapsed_s=69951.9
TRAIN epoch=8/8 image=5042/20000 applied=335000 loss=5.295370 elapsed_s=70000.0
TRAIN epoch=8/8 image=5149/20000 applied=335250 loss=8.558820 elapsed_s=70047.6
TRAIN epoch=8/8 image=5254/20000 applied=335500 loss=1.910048 elapsed_s=70094.5
CHECKPOINT applied=335748 cursor={'epoch': 8, 'image_position': 5356, 'chunk_start': 4} reason=first_applied_or_timed
TRAIN epoch=8/8 image=5357/20000 applied=335750 loss=1.155571 elapsed_s=70142.5
TRAIN epoch=8/8 image=5467/20000 applied=336000 loss=2.938683 elapsed_s=70190.5
TRAIN epoch=8/8 image=5574/20000 applied=336250 loss=1.586535 elapsed_s=70238.0
TRAIN epoch=8/8 image=5679/20000 applied=336500 loss=1.541987 elapsed_s=70285.3
TRAIN epoch=8/8 image=5784/20000 applied=336750 loss=1.458408 elapsed_s=70332.7
TRAIN epoch=8/8 image=5892/20000 applied=337000 loss=2.711299 elapsed_s=70380.5
TRAIN epoch=8/8 image=5998/20000 applied=337250 loss=4.163343 elapsed_s=70428.6
CHECKPOINT applied=337324 cursor={'epoch': 8, 'image_position': 6028, 'chunk_start': 0} reason=first_applied_or_timed
TRAIN epoch=8/8 image=6111/20000 applied=337500 loss=4.542265 elapsed_s=70477.5
TRAIN epoch=8/8 image=6221/20000 applied=337750 loss=0.982593 elapsed_s=70526.2
TRAIN epoch=8/8 image=6325/20000 applied=338000 loss=1.594855 elapsed_s=70573.6
TRAIN epoch=8/8 image=6432/20000 applied=338250 loss=2.157677 elapsed_s=70621.8
TRAIN epoch=8/8 image=6542/20000 applied=338500 loss=1.522011 elapsed_s=70670.2
TRAIN epoch=8/8 image=6652/20000 applied=338750 loss=2.631217 elapsed_s=70718.6
CHECKPOINT applied=338880 cursor={'epoch': 8, 'image_position': 6704, 'chunk_start': 8} reason=first_applied_or_timed
TRAIN epoch=8/8 image=6756/20000 applied=339000 loss=1.196194 elapsed_s=70766.6
TRAIN epoch=8/8 image=6861/20000 applied=339250 loss=1.602390 elapsed_s=70813.9
TRAIN epoch=8/8 image=6972/20000 applied=339500 loss=8.418182 elapsed_s=70862.0
TRAIN epoch=8/8 image=7077/20000 applied=339750 loss=4.110489 elapsed_s=70910.6
TRAIN epoch=8/8 image=7178/20000 applied=340000 loss=2.340765 elapsed_s=70958.0
TRAIN epoch=8/8 image=7293/20000 applied=340250 loss=2.362599 elapsed_s=71005.8
CHECKPOINT applied=340444 cursor={'epoch': 8, 'image_position': 7379, 'chunk_start': 4} reason=first_applied_or_timed
TRAIN epoch=8/8 image=7404/20000 applied=340500 loss=4.166827 elapsed_s=71054.9
TRAIN epoch=8/8 image=7512/20000 applied=340750 loss=1.673455 elapsed_s=71103.3
TRAIN epoch=8/8 image=7617/20000 applied=341000 loss=3.371385 elapsed_s=71151.3
TRAIN epoch=8/8 image=7722/20000 applied=341250 loss=1.946197 elapsed_s=71199.0
TRAIN epoch=8/8 image=7836/20000 applied=341500 loss=4.310516 elapsed_s=71247.7
TRAIN epoch=8/8 image=7947/20000 applied=341750 loss=4.547232 elapsed_s=71296.0
CHECKPOINT applied=341993 cursor={'epoch': 8, 'image_position': 8051, 'chunk_start': 0} reason=first_applied_or_timed
TRAIN epoch=8/8 image=8054/20000 applied=342000 loss=4.552614 elapsed_s=71345.8
TRAIN epoch=8/8 image=8162/20000 applied=342250 loss=5.410516 elapsed_s=71394.2
TRAIN epoch=8/8 image=8271/20000 applied=342500 loss=1.766879 elapsed_s=71441.9
TRAIN epoch=8/8 image=8377/20000 applied=342750 loss=5.971898 elapsed_s=71489.1
TRAIN epoch=8/8 image=8490/20000 applied=343000 loss=2.671714 elapsed_s=71537.2
TRAIN epoch=8/8 image=8600/20000 applied=343250 loss=2.145080 elapsed_s=71585.5
TRAIN epoch=8/8 image=8710/20000 applied=343500 loss=3.403583 elapsed_s=71633.5
CHECKPOINT applied=343558 cursor={'epoch': 8, 'image_position': 8736, 'chunk_start': 0} reason=first_applied_or_timed
TRAIN epoch=8/8 image=8820/20000 applied=343750 loss=5.390661 elapsed_s=71681.6
TRAIN epoch=8/8 image=8931/20000 applied=344000 loss=2.070663 elapsed_s=71730.0
TRAIN epoch=8/8 image=9038/20000 applied=344250 loss=3.526317 elapsed_s=71777.8
TRAIN epoch=8/8 image=9150/20000 applied=344500 loss=3.757524 elapsed_s=71825.8
TRAIN epoch=8/8 image=9256/20000 applied=344750 loss=5.594332 elapsed_s=71873.0
TRAIN epoch=8/8 image=9367/20000 applied=345000 loss=2.197107 elapsed_s=71921.0
CHECKPOINT applied=345124 cursor={'epoch': 8, 'image_position': 9423, 'chunk_start': 0} reason=first_applied_or_timed
TRAIN epoch=8/8 image=9473/20000 applied=345250 loss=5.747941 elapsed_s=71969.8
TRAIN epoch=8/8 image=9587/20000 applied=345500 loss=6.818973 elapsed_s=72018.7
TRAIN epoch=8/8 image=9704/20000 applied=345750 loss=0.902356 elapsed_s=72067.8
TRAIN epoch=8/8 image=9814/20000 applied=346000 loss=7.022193 elapsed_s=72116.5
TRAIN epoch=8/8 image=9925/20000 applied=346250 loss=1.598061 elapsed_s=72164.6
TRAIN epoch=8/8 image=10032/20000 applied=346500 loss=1.828724 elapsed_s=72213.1
CHECKPOINT applied=346671 cursor={'epoch': 8, 'image_position': 10102, 'chunk_start': 4} reason=first_applied_or_timed
TRAIN epoch=8/8 image=10135/20000 applied=346750 loss=2.241707 elapsed_s=72260.7
TRAIN epoch=8/8 image=10244/20000 applied=347000 loss=2.393502 elapsed_s=72308.2
TRAIN epoch=8/8 image=10356/20000 applied=347250 loss=1.395078 elapsed_s=72355.9
TRAIN epoch=8/8 image=10466/20000 applied=347500 loss=1.973812 elapsed_s=72403.8
TRAIN epoch=8/8 image=10576/20000 applied=347750 loss=3.680324 elapsed_s=72452.0
TRAIN epoch=8/8 image=10682/20000 applied=348000 loss=6.534108 elapsed_s=72499.9
CHECKPOINT applied=348236 cursor={'epoch': 8, 'image_position': 10792, 'chunk_start': 4} reason=first_applied_or_timed
TRAIN epoch=8/8 image=10797/20000 applied=348250 loss=1.619076 elapsed_s=72549.0
TRAIN epoch=8/8 image=10902/20000 applied=348500 loss=1.651398 elapsed_s=72596.7
TRAIN epoch=8/8 image=11008/20000 applied=348750 loss=2.966192 elapsed_s=72644.5
TRAIN epoch=8/8 image=11118/20000 applied=349000 loss=5.446893 elapsed_s=72692.9
TRAIN epoch=8/8 image=11219/20000 applied=349250 loss=2.241232 elapsed_s=72740.7
TRAIN epoch=8/8 image=11328/20000 applied=349500 loss=2.179012 elapsed_s=72789.3
TRAIN epoch=8/8 image=11437/20000 applied=349750 loss=2.003263 elapsed_s=72837.7
CHECKPOINT applied=349796 cursor={'epoch': 8, 'image_position': 11458, 'chunk_start': 0} reason=first_applied_or_timed
TRAIN epoch=8/8 image=11552/20000 applied=350000 loss=4.643797 elapsed_s=72886.4
TRAIN epoch=8/8 image=11660/20000 applied=350250 loss=1.757017 elapsed_s=72933.8
TRAIN epoch=8/8 image=11761/20000 applied=350500 loss=1.962544 elapsed_s=72980.7
TRAIN epoch=8/8 image=11865/20000 applied=350750 loss=1.824071 elapsed_s=73028.2
TRAIN epoch=8/8 image=11977/20000 applied=351000 loss=5.459049 elapsed_s=73076.1
TRAIN epoch=8/8 image=12085/20000 applied=351250 loss=1.564098 elapsed_s=73124.3
CHECKPOINT applied=351371 cursor={'epoch': 8, 'image_position': 12134, 'chunk_start': 4} reason=first_applied_or_timed
TRAIN epoch=8/8 image=12192/20000 applied=351500 loss=3.660772 elapsed_s=73171.9
TRAIN epoch=8/8 image=12306/20000 applied=351750 loss=1.956399 elapsed_s=73220.3
TRAIN epoch=8/8 image=12415/20000 applied=352000 loss=6.196919 elapsed_s=73267.9
TRAIN epoch=8/8 image=12524/20000 applied=352250 loss=4.216141 elapsed_s=73315.8
TRAIN epoch=8/8 image=12629/20000 applied=352500 loss=4.255292 elapsed_s=73363.2
TRAIN epoch=8/8 image=12736/20000 applied=352750 loss=2.384751 elapsed_s=73411.2
CHECKPOINT applied=352937 cursor={'epoch': 8, 'image_position': 12818, 'chunk_start': 0} reason=first_applied_or_timed
TRAIN epoch=8/8 image=12846/20000 applied=353000 loss=3.112819 elapsed_s=73459.7
TRAIN epoch=8/8 image=12951/20000 applied=353250 loss=1.870931 elapsed_s=73507.7
TRAIN epoch=8/8 image=13055/20000 applied=353500 loss=5.618489 elapsed_s=73555.5
TRAIN epoch=8/8 image=13177/20000 applied=353750 loss=2.991072 elapsed_s=73605.1
TRAIN epoch=8/8 image=13281/20000 applied=354000 loss=2.620074 elapsed_s=73652.8
TRAIN epoch=8/8 image=13393/20000 applied=354250 loss=2.963915 elapsed_s=73701.0
CHECKPOINT applied=354497 cursor={'epoch': 8, 'image_position': 13498, 'chunk_start': 0} reason=first_applied_or_timed
TRAIN epoch=8/8 image=13499/20000 applied=354500 loss=4.939409 elapsed_s=73748.7
TRAIN epoch=8/8 image=13609/20000 applied=354750 loss=2.923470 elapsed_s=73796.0
TRAIN epoch=8/8 image=13714/20000 applied=355000 loss=4.961516 elapsed_s=73843.9
TRAIN epoch=8/8 image=13821/20000 applied=355250 loss=10.332703 elapsed_s=73891.2
TRAIN epoch=8/8 image=13923/20000 applied=355500 loss=1.677505 elapsed_s=73938.8
TRAIN epoch=8/8 image=14029/20000 applied=355750 loss=0.758025 elapsed_s=73986.4
TRAIN epoch=8/8 image=14139/20000 applied=356000 loss=4.064576 elapsed_s=74034.7
CHECKPOINT applied=356070 cursor={'epoch': 8, 'image_position': 14166, 'chunk_start': 4} reason=first_applied_or_timed
TRAIN epoch=8/8 image=14243/20000 applied=356250 loss=2.939447 elapsed_s=74083.4
TRAIN epoch=8/8 image=14351/20000 applied=356500 loss=2.728514 elapsed_s=74131.1
TRAIN epoch=8/8 image=14457/20000 applied=356750 loss=4.375217 elapsed_s=74179.1
TRAIN epoch=8/8 image=14565/20000 applied=357000 loss=2.464497 elapsed_s=74227.1
TRAIN epoch=8/8 image=14678/20000 applied=357250 loss=1.604372 elapsed_s=74275.9
TRAIN epoch=8/8 image=14786/20000 applied=357500 loss=3.840720 elapsed_s=74324.2
CHECKPOINT applied=357628 cursor={'epoch': 8, 'image_position': 14842, 'chunk_start': 4} reason=first_applied_or_timed
TRAIN epoch=8/8 image=14893/20000 applied=357750 loss=2.070079 elapsed_s=74372.1
TRAIN epoch=8/8 image=15000/20000 applied=358000 loss=1.767479 elapsed_s=74419.3
TRAIN epoch=8/8 image=15113/20000 applied=358250 loss=5.378452 elapsed_s=74467.5
TRAIN epoch=8/8 image=15217/20000 applied=358500 loss=4.868902 elapsed_s=74514.7
TRAIN epoch=8/8 image=15325/20000 applied=358750 loss=2.314736 elapsed_s=74562.6
TRAIN epoch=8/8 image=15431/20000 applied=359000 loss=4.189421 elapsed_s=74609.4
CHECKPOINT applied=359209 cursor={'epoch': 8, 'image_position': 15524, 'chunk_start': 4} reason=first_applied_or_timed
TRAIN epoch=8/8 image=15543/20000 applied=359250 loss=5.161675 elapsed_s=74657.6
TRAIN epoch=8/8 image=15649/20000 applied=359500 loss=2.763192 elapsed_s=74705.6
TRAIN epoch=8/8 image=15760/20000 applied=359750 loss=1.367823 elapsed_s=74754.2
TRAIN epoch=8/8 image=15866/20000 applied=360000 loss=4.654180 elapsed_s=74801.7
TRAIN epoch=8/8 image=15971/20000 applied=360250 loss=1.871706 elapsed_s=74850.0
TRAIN epoch=8/8 image=16082/20000 applied=360500 loss=1.398786 elapsed_s=74898.4
TRAIN epoch=8/8 image=16193/20000 applied=360750 loss=2.333791 elapsed_s=74946.9
CHECKPOINT applied=360765 cursor={'epoch': 8, 'image_position': 16199, 'chunk_start': 0} reason=first_applied_or_timed
TRAIN epoch=8/8 image=16304/20000 applied=361000 loss=1.446418 elapsed_s=74995.2
TRAIN epoch=8/8 image=16415/20000 applied=361250 loss=4.465931 elapsed_s=75044.1
TRAIN epoch=8/8 image=16525/20000 applied=361500 loss=3.773541 elapsed_s=75092.7
TRAIN epoch=8/8 image=16633/20000 applied=361750 loss=1.185902 elapsed_s=75140.0
TRAIN epoch=8/8 image=16748/20000 applied=362000 loss=4.103429 elapsed_s=75188.2
TRAIN epoch=8/8 image=16855/20000 applied=362250 loss=1.121047 elapsed_s=75236.0
CHECKPOINT applied=362327 cursor={'epoch': 8, 'image_position': 16885, 'chunk_start': 0} reason=first_applied_or_timed
TRAIN epoch=8/8 image=16962/20000 applied=362500 loss=1.087241 elapsed_s=75284.0
TRAIN epoch=8/8 image=17074/20000 applied=362750 loss=2.952611 elapsed_s=75332.3
TRAIN epoch=8/8 image=17185/20000 applied=363000 loss=2.963637 elapsed_s=75379.8
TRAIN epoch=8/8 image=17291/20000 applied=363250 loss=4.409062 elapsed_s=75427.6
TRAIN epoch=8/8 image=17409/20000 applied=363500 loss=2.944948 elapsed_s=75477.4
TRAIN epoch=8/8 image=17529/20000 applied=363750 loss=2.270188 elapsed_s=75526.6
CHECKPOINT applied=363872 cursor={'epoch': 8, 'image_position': 17584, 'chunk_start': 0} reason=first_applied_or_timed
TRAIN epoch=8/8 image=17644/20000 applied=364000 loss=1.999825 elapsed_s=75576.5
TRAIN epoch=8/8 image=17753/20000 applied=364250 loss=1.906740 elapsed_s=75625.0
TRAIN epoch=8/8 image=17863/20000 applied=364500 loss=1.101809 elapsed_s=75673.4
TRAIN epoch=8/8 image=17969/20000 applied=364750 loss=2.016806 elapsed_s=75721.3
TRAIN epoch=8/8 image=18085/20000 applied=365000 loss=0.570238 elapsed_s=75770.4
TRAIN epoch=8/8 image=18197/20000 applied=365250 loss=3.545345 elapsed_s=75818.8
CHECKPOINT applied=365421 cursor={'epoch': 8, 'image_position': 18267, 'chunk_start': 8} reason=first_applied_or_timed
TRAIN epoch=8/8 image=18302/20000 applied=365500 loss=2.901804 elapsed_s=75866.5
TRAIN epoch=8/8 image=18413/20000 applied=365750 loss=1.685206 elapsed_s=75914.2
TRAIN epoch=8/8 image=18523/20000 applied=366000 loss=1.258130 elapsed_s=75962.0
TRAIN epoch=8/8 image=18631/20000 applied=366250 loss=1.912779 elapsed_s=76010.3
TRAIN epoch=8/8 image=18735/20000 applied=366500 loss=1.275833 elapsed_s=76057.6
TRAIN epoch=8/8 image=18842/20000 applied=366750 loss=0.607277 elapsed_s=76105.6
CHECKPOINT applied=366992 cursor={'epoch': 8, 'image_position': 18946, 'chunk_start': 4} reason=first_applied_or_timed
TRAIN epoch=8/8 image=18950/20000 applied=367000 loss=3.467294 elapsed_s=76153.3
TRAIN epoch=8/8 image=19054/20000 applied=367250 loss=1.025108 elapsed_s=76201.1
TRAIN epoch=8/8 image=19159/20000 applied=367500 loss=2.578716 elapsed_s=76248.6
TRAIN epoch=8/8 image=19267/20000 applied=367750 loss=3.264211 elapsed_s=76297.0
TRAIN epoch=8/8 image=19375/20000 applied=368000 loss=2.828812 elapsed_s=76345.4
TRAIN epoch=8/8 image=19485/20000 applied=368250 loss=4.511199 elapsed_s=76394.2
TRAIN epoch=8/8 image=19595/20000 applied=368500 loss=1.443568 elapsed_s=76443.1
CHECKPOINT applied=368546 cursor={'epoch': 8, 'image_position': 19612, 'chunk_start': 0} reason=first_applied_or_timed
TRAIN epoch=8/8 image=19702/20000 applied=368750 loss=3.162856 elapsed_s=76491.4
TRAIN epoch=8/8 image=19804/20000 applied=369000 loss=2.231543 elapsed_s=76539.1
TRAIN epoch=8/8 image=19916/20000 applied=369250 loss=1.891256 elapsed_s=76587.2
EPOCH_COMPLETE 8/8 images=20000 instances=167002 steps=46181 mean_loss=3.000751
{"run_id": "RUN_TRIFLOW_20K_EPOCH08_EVAL_S0", "exit_code": 0, "directory": "D:\\coco_wire\\experiments\\triflow_20k_training_20261007\\runs\\RUN_TRIFLOW_20K_EPOCH08_EVAL_S0"}
{"run_id": "RUN_TRIFLOW_20K_EPOCH08_READOUT_VERIFY_S0", "exit_code": 0, "directory": "D:\\coco_wire\\experiments\\triflow_20k_training_20261007\\runs\\RUN_TRIFLOW_20K_EPOCH08_READOUT_VERIFY_S0"}
EPOCH_OBSERVATION_COMPLETE epoch=8 eval=RUN_TRIFLOW_20K_EPOCH08_EVAL_S0 parent_state_exact=True
CHECKPOINT applied=369448 cursor={'epoch': 9, 'image_position': 0, 'chunk_start': 0} reason=epoch_boundary
CHECKPOINT applied=369448 cursor={'epoch': 9, 'image_position': 0, 'chunk_start': 0} reason=final_valid_state
TRAINING_COMPLETE D:\coco_wire\experiments\triflow_20k_training_20261007\runs\RUN_TRIFLOW_20K_TRAIN_S0_R3\head_final.pt smoke_only=False
